epoch,mean_R,mean_R_train,overall_max_R,max_R,best_prog_complexity,mean_complexity,loss,n_physical,n_rewarded,best_prog_of_epoch,overall_best_prog,best_prog_of_epoch_prefix,overall_best_prog_prefix,best_prog_of_epoch_free_const,overall_best_prog_free_const
0,0.04321196509647363,0.505524738516126,0.626081972223338,0.626081972223338,24.0,24.279,0.09152717883256184,91,89,(log((((cos(1.0)*((((z/((((z/-((((1.0*((((z)**(-1)))**(0.5))))**(-1)))))**(2))-z))+1.0))**(-1))))**(-1)))*m),(log((((cos(1.0)*((((z/((((z/-((((1.0*((((z)**(-1)))**(0.5))))**(-1)))))**(2))-z))+1.0))**(-1))))**(-1)))*m),"[mul log inv mul cos 1.0 inv add div z sub n2 div z neg inv mul 1.0 sqrt
 inv z z 1.0 m]","[mul log inv mul cos 1.0 inv add div z sub n2 div z neg inv mul 1.0 sqrt
 inv z z 1.0 m]",[ 1.         79.25878615],[ 1.         79.25878615]
1,0.03675516824793811,0.5025253169416731,0.626081972223338,0.5025253169416734,18.0,24.139,-0.03875078033065498,78,75,((cos(-((z/(-((1.0*(-(z)*1.0)))+z))))/((m)**(-1)))-m),(log((((cos(1.0)*((((z/((((z/-((((1.0*((((z)**(-1)))**(0.5))))**(-1)))))**(2))-z))+1.0))**(-1))))**(-1)))*m),[sub div cos neg div z add neg mul 1.0 mul neg z 1.0 z inv m m],"[mul log inv mul cos 1.0 inv add div z sub n2 div z neg inv mul 1.0 sqrt
 inv z z 1.0 m]",[   1.        -367.0330557],[ 1.         79.25878615]
2,0.03794871280907496,0.5027271751394871,0.626081972223338,0.5126182268323672,18.0,24.037,-0.031249298180676323,80,76,(((z*(((sin((exp(((1.0)**(0.5)))+log(((1.0)**(-1)))))/(1.0/(m*z))))**(-1))))**(-1)),(log((((cos(1.0)*((((z/((((z/-((((1.0*((((z)**(-1)))**(0.5))))**(-1)))))**(2))-z))+1.0))**(-1))))**(-1)))*m),[inv mul z inv div sin add exp sqrt 1.0 log inv 1.0 div 1.0 mul m z],"[mul log inv mul cos 1.0 inv add div z sub n2 div z neg inv mul 1.0 sqrt
 inv z z 1.0 m]",[  1.         112.15983601],[ 1.         79.25878615]
3,0.040906990069284235,0.5027573211281665,0.626081972223338,0.5141255262663382,17.0,23.857,-0.030726573870424267,86,84,(cos(exp(((z-(((((-(1.0)/((((((z)**(-1)))**(2)))**(-1))))**(0.5)))**(-1)))/z)))*m),(log((((cos(1.0)*((((z/((((z/-((((1.0*((((z)**(-1)))**(0.5))))**(-1)))))**(2))-z))+1.0))**(-1))))**(-1)))*m),[mul cos exp div sub z inv sqrt div neg 1.0 inv n2 inv z z m],"[mul log inv mul cos 1.0 inv add div z sub n2 div z neg inv mul 1.0 sqrt
 inv z z 1.0 m]",[  1.         100.96762921],[ 1.         79.25878615]
4,0.04193791534450921,0.5025320613089008,0.626081972223338,0.5028625353030499,21.0,23.745,-0.037412305852211045,92,86,(-((log(cos(((exp(((((v+((-((((((v*v))**(-1)))**(0.5))))**(-1)))/v))**(2))))**(-1))))*m))+m),(log((((cos(1.0)*((((z/((((z/-((((1.0*((((z)**(-1)))**(0.5))))**(-1)))))**(2))-z))+1.0))**(-1))))**(-1)))*m),[add neg mul log cos inv exp n2 div add v inv neg sqrt inv mul v v v m m],"[mul log inv mul cos 1.0 inv add div z sub n2 div z neg inv mul 1.0 sqrt
 inv z z 1.0 m]",[ 1.      34.18934],[ 1.         79.25878615]
5,0.04888334401919041,0.5025253169416731,0.626081972223338,0.5025253169416734,21.0,23.559,-0.03838644505549097,100,99,(((((((((cos(-((log((m/m))+log(1.0))))+1.0)*(m/((m)**(0.5)))))**(-1)))**(2)))**(-1))+m),(log((((cos(1.0)*((((z/((((z/-((((1.0*((((z)**(-1)))**(0.5))))**(-1)))))**(2))-z))+1.0))**(-1))))**(-1)))*m),[add inv n2 inv mul add cos neg add log div m m log 1.0 1.0 div m sqrt m m],"[mul log inv mul cos 1.0 inv add div z sub n2 div z neg inv mul 1.0 sqrt
 inv z z 1.0 m]",[1.         8.98624928],[ 1.         79.25878615]
6,0.04919780498858112,0.5025253169416731,0.626081972223338,0.5025253169416734,15.0,23.531,-0.03742340962977201,104,101,((((sin(1.0)/(m-(-(((-(((m)**(2))))**(0.5)))+m))))**(-1))-m),(log((((cos(1.0)*((((z/((((z/-((((1.0*((((z)**(-1)))**(0.5))))**(-1)))))**(2))-z))+1.0))**(-1))))**(-1)))*m),[sub inv div sin 1.0 sub m add neg sqrt neg n2 m m m],"[mul log inv mul cos 1.0 inv add div z sub n2 div z neg inv mul 1.0 sqrt
 inv z z 1.0 m]",[  1.         238.49476448],[ 1.         79.25878615]
7,0.03974027299366799,0.5025253169416731,0.626081972223338,0.5025253169416734,19.0,23.638,-0.03797536186666199,82,80,((cos(((exp(((v/1.0)/(v--(v)))))**(-1)))*((m+m)+m))+m),(log((((cos(1.0)*((((z/((((z/-((((1.0*((((z)**(-1)))**(0.5))))**(-1)))))**(2))-z))+1.0))**(-1))))**(-1)))*m),[add mul cos inv exp div div v 1.0 sub v neg v add add m m m m],"[mul log inv mul cos 1.0 inv add div z sub n2 div z neg inv mul 1.0 sqrt
 inv z z 1.0 m]",[ 1.         12.96757613],[ 1.         79.25878615]
8,0.04041625086070936,0.5025253169416731,0.626081972223338,0.5025253169416734,18.0,23.725,-0.038045362060346026,82,82,(log(-((sin((exp(((-((1.0/1.0))-1.0)*1.0))/1.0))+1.0)))*m),(log((((cos(1.0)*((((z/((((z/-((((1.0*((((z)**(-1)))**(0.5))))**(-1)))))**(2))-z))+1.0))**(-1))))**(-1)))*m),[mul log neg add sin div exp mul sub neg div 1.0 1.0 1.0 1.0 1.0 1.0 m],"[mul log inv mul cos 1.0 inv add div z sub n2 div z neg inv mul 1.0 sqrt
 inv z z 1.0 m]",[  1.         355.00699203],[ 1.         79.25878615]
9,0.045181410928762954,0.5025253169416731,0.626081972223338,0.5025253169416734,16.0,23.698,-0.03841004277464048,96,93,(m/((((cos((((exp((((((((z)**(-1))/((z)**(-1))))**(2)))**(-1)))+1.0))**(2))))**(2)))**(2))),(log((((cos(1.0)*((((z/((((z/-((((1.0*((((z)**(-1)))**(0.5))))**(-1)))))**(2))-z))+1.0))**(-1))))**(-1)))*m),[div m n2 n2 cos n2 add exp inv n2 div inv z inv z 1.0],"[mul log inv mul cos 1.0 inv add div z sub n2 div z neg inv mul 1.0 sqrt
 inv z z 1.0 m]",[1.         0.39668893],[ 1.         79.25878615]
10,0.047966000127785395,0.5025253169416731,0.626081972223338,0.5025253169416734,12.0,23.646,-0.038246853434436234,102,99,(exp(((((((-(cos(1.0))/1.0)+1.0))**(2)))**(-1)))*m),(log((((cos(1.0)*((((z/((((z/-((((1.0*((((z)**(-1)))**(0.5))))**(-1)))))**(2))-z))+1.0))**(-1))))**(-1)))*m),[mul exp inv n2 add div neg cos 1.0 1.0 1.0 m],"[mul log inv mul cos 1.0 inv add div z sub n2 div z neg inv mul 1.0 sqrt
 inv z z 1.0 m]",[1.        0.3957462],[ 1.         79.25878615]
11,0.042242054227779456,0.5025531505399385,0.626081972223338,0.5039169968549397,21.0,23.707,-0.03746948411389377,91,86,(sin((1.0*(z/((((exp(-((1.0+1.0)))/(1.0/-(((z)**(0.5))))))**(2))-z))))*m),(log((((cos(1.0)*((((z/((((z/-((((1.0*((((z)**(-1)))**(0.5))))**(-1)))))**(2))-z))+1.0))**(-1))))**(-1)))*m),"[mul sin mul 1.0 div z sub n2 div exp neg add 1.0 1.0 div 1.0 neg sqrt z z
 m]","[mul log inv mul cos 1.0 inv add div z sub n2 div z neg inv mul 1.0 sqrt
 inv z z 1.0 m]",[  1.         -54.20862215],[ 1.         79.25878615]
12,0.03957125580605352,0.5025253169416731,0.626081972223338,0.5025253169416734,15.0,23.733,-0.038016354572074786,87,82,(log((1.0+-(((((1.0)**(-1))*cos(1.0))-((cos(1.0))**(-1))))))*m),(log((((cos(1.0)*((((z/((((z/-((((1.0*((((z)**(-1)))**(0.5))))**(-1)))))**(2))-z))+1.0))**(-1))))**(-1)))*m),[mul log add 1.0 neg sub mul inv 1.0 cos 1.0 inv cos 1.0 m],"[mul log inv mul cos 1.0 inv add div z sub n2 div z neg inv mul 1.0 sqrt
 inv z z 1.0 m]",[ 1.         53.65118687],[ 1.         79.25878615]
13,0.04613864674325832,0.5027957441802918,0.626081972223338,0.5160466788726089,14.0,23.915,-0.031238277760155798,97,93,(log((exp(cos((g*(z*((((v)**(-1)))**(2))))))+1.0))*m),(log((((cos(1.0)*((((z/((((z/-((((1.0*((((z)**(-1)))**(0.5))))**(-1)))))**(2))-z))+1.0))**(-1))))**(-1)))*m),[mul log add exp cos mul g mul z n2 inv v 1.0 m],"[mul log inv mul cos 1.0 inv add div z sub n2 div z neg inv mul 1.0 sqrt
 inv z z 1.0 m]",[ 1.53596305 44.07964488],[ 1.         79.25878615]
14,0.04544868108124235,0.502856511776747,0.626081972223338,0.5187698735590237,21.0,23.819,-0.02362253758877478,97,92,(m/exp((((1.0/(((1.0)**(2))+log((((g*-((z/((-(((((v)**(2)))**(-1))))**(-1))))))**(0.5))))))**(0.5)))),(log((((cos(1.0)*((((z/((((z/-((((1.0*((((z)**(-1)))**(0.5))))**(-1)))))**(2))-z))+1.0))**(-1))))**(-1)))*m),"[div m exp sqrt div 1.0 add n2 1.0 log sqrt mul g neg div z inv neg inv n2
 v]","[mul log inv mul cos 1.0 inv add div z sub n2 div z neg inv mul 1.0 sqrt
 inv z z 1.0 m]",[9.02695578e-03 1.10319305e+02],[ 1.         79.25878615]
15,0.045855025869868955,0.5025253169416731,0.626081972223338,0.5025253169416734,11.0,23.745,-0.03846924640690892,96,93,(sin(((-((((((1.0)**(-1))+((1.0)**(-1))))**(0.5))))**(0.5)))*m),(log((((cos(1.0)*((((z/((((z/-((((1.0*((((z)**(-1)))**(0.5))))**(-1)))))**(2))-z))+1.0))**(-1))))**(-1)))*m),[mul sin sqrt neg sqrt add inv 1.0 inv 1.0 m],"[mul log inv mul cos 1.0 inv add div z sub n2 div z neg inv mul 1.0 sqrt
 inv z z 1.0 m]",[ 1.         48.41343123],[ 1.         79.25878615]
16,0.04533029321396457,0.5025253169416731,0.626081972223338,0.5025253169416734,15.0,23.988,-0.03825029859730501,99,95,(m*sin(log((((((((exp(((1.0)**(0.5)))/1.0))**(-1)))**(2))/1.0)+1.0)))),(log((((cos(1.0)*((((z/((((z/-((((1.0*((((z)**(-1)))**(0.5))))**(-1)))))**(2))-z))+1.0))**(-1))))**(-1)))*m),[mul m sin log add div n2 inv div exp sqrt 1.0 1.0 1.0 1.0],"[mul log inv mul cos 1.0 inv add div z sub n2 div z neg inv mul 1.0 sqrt
 inv z z 1.0 m]",[  1.         354.94229326],[ 1.         79.25878615]
17,0.04452543032018345,0.5025253169416731,0.626081972223338,0.5025253169416734,17.0,23.998,-0.038733382499288274,93,90,(((log((((((cos((exp(1.0)+(((z/z))**(-1)))))**(2))/1.0))**(0.5)))*((m)**(0.5))))**(2)),(log((((cos(1.0)*((((z/((((z/-((((1.0*((((z)**(-1)))**(0.5))))**(-1)))))**(2))-z))+1.0))**(-1))))**(-1)))*m),[n2 mul log sqrt div n2 cos add exp 1.0 inv div z z 1.0 sqrt m],"[mul log inv mul cos 1.0 inv add div z sub n2 div z neg inv mul 1.0 sqrt
 inv z z 1.0 m]",[1.00000000e+00 1.44374936e+03],[ 1.         79.25878615]
18,0.034860265532024,0.5025452562165438,0.626081972223338,0.5035222806852028,17.0,24.055,-0.03762222895340224,73,71,(cos(((-((m/((-((z/((z+z)/((m)**(2))))))**(0.5)))))**(-1)))*m),(log((((cos(1.0)*((((z/((((z/-((((1.0*((((z)**(-1)))**(0.5))))**(-1)))))**(2))-z))+1.0))**(-1))))**(-1)))*m),[mul cos inv neg div m sqrt neg div z div add z z n2 m m],"[mul log inv mul cos 1.0 inv add div z sub n2 div z neg inv mul 1.0 sqrt
 inv z z 1.0 m]",[ 1.         58.46417294],[ 1.         79.25878615]
19,0.04447437473743569,0.5025253169416731,0.626081972223338,0.5025253169416734,16.0,24.002,-0.0387561242649805,95,90,(m+(log((((((((((sin(1.0))**(2)))**(2))+1.0))**(-1))+1.0)/1.0))*m)),(log((((cos(1.0)*((((z/((((z/-((((1.0*((((z)**(-1)))**(0.5))))**(-1)))))**(2))-z))+1.0))**(-1))))**(-1)))*m),[add m mul log div add inv add n2 n2 sin 1.0 1.0 1.0 1.0 m],"[mul log inv mul cos 1.0 inv add div z sub n2 div z neg inv mul 1.0 sqrt
 inv z z 1.0 m]",[ 1.         29.74670875],[ 1.         79.25878615]
20,0.04615373794395137,0.5025253169416731,0.626081972223338,0.5025253169416734,19.0,23.978,-0.038434786233646066,97,93,(((((-(1.0)-((cos(1.0)+(1.0*1.0))+1.0))*m)+m)+m)-m),(log((((cos(1.0)*((((z/((((z/-((((1.0*((((z)**(-1)))**(0.5))))**(-1)))))**(2))-z))+1.0))**(-1))))**(-1)))*m),[sub add add mul sub neg 1.0 add add cos 1.0 mul 1.0 1.0 1.0 m m m m],"[mul log inv mul cos 1.0 inv add div z sub n2 div z neg inv mul 1.0 sqrt
 inv z z 1.0 m]",[  1.         -17.68736196],[ 1.         79.25878615]
21,0.0414525173972722,0.5037707137857075,0.626081972223338,0.5647951591433898,21.0,24.136,0.01439286017925464,84,84,(sin((1.0*(((z)**(-1))*(((1.0*(exp(1.0)*-(((((((((((z)**(2)))**(-1)))**(0.5)))**(0.5)))**(-1))))))**(2)))))*m),(log((((cos(1.0)*((((z/((((z/-((((1.0*((((z)**(-1)))**(0.5))))**(-1)))))**(2))-z))+1.0))**(-1))))**(-1)))*m),"[mul sin mul 1.0 mul inv z n2 mul 1.0 mul exp 1.0 neg inv sqrt sqrt inv n2
 z m]","[mul log inv mul cos 1.0 inv add div z sub n2 div z neg inv mul 1.0 sqrt
 inv z z 1.0 m]",[ 1.         74.03392391],[ 1.         79.25878615]
22,0.04016726333722964,0.5025253169416731,0.626081972223338,0.5025253169416734,17.0,24.069,-0.03763943531133972,82,81,-((-(log(((cos((((((((((v/v))**(0.5))+1.0))**(0.5)))**(-1))-1.0)))**(-1))))*m)),(log((((cos(1.0)*((((z/((((z/-((((1.0*((((z)**(-1)))**(0.5))))**(-1)))))**(2))-z))+1.0))**(-1))))**(-1)))*m),[neg mul neg log inv cos sub inv sqrt add sqrt div v v 1.0 1.0 m],"[mul log inv mul cos 1.0 inv add div z sub n2 div z neg inv mul 1.0 sqrt
 inv z z 1.0 m]",[1.00000000e+00 1.03240618e+03],[ 1.         79.25878615]
23,0.04023732320623816,0.5025253169416731,0.626081972223338,0.5025253169416734,10.0,23.968,-0.03788449439131693,86,82,-(((((log(1.0))**(-1))+-(exp(1.0)))*m)),(log((((cos(1.0)*((((z/((((z/-((((1.0*((((z)**(-1)))**(0.5))))**(-1)))))**(2))-z))+1.0))**(-1))))**(-1)))*m),[neg mul add inv log 1.0 neg exp 1.0 m],"[mul log inv mul cos 1.0 inv add div z sub n2 div z neg inv mul 1.0 sqrt
 inv z z 1.0 m]",[ 1.         16.52928181],[ 1.         79.25878615]
24,0.04509511946118838,0.5025253169416731,0.626081972223338,0.5025253169416734,7.0,23.955,-0.038850806593153646,97,91,(m/sin(((((((1.0)**(0.5)))**(0.5)))**(-1)))),(log((((cos(1.0)*((((z/((((z/-((((1.0*((((z)**(-1)))**(0.5))))**(-1)))))**(2))-z))+1.0))**(-1))))**(-1)))*m),[div m sin inv sqrt sqrt 1.0],"[mul log inv mul cos 1.0 inv add div z sub n2 div z neg inv mul 1.0 sqrt
 inv z z 1.0 m]",[ 1.         37.80834014],[ 1.         79.25878615]
25,0.04038202344902056,0.5025253169416731,0.626081972223338,0.5025253169416734,18.0,23.953,-0.03856048614457462,84,81,-(((((cos(((((1.0)**(0.5)))**(0.5)))+(cos(((z*((z)**(-1)))-1.0))+1.0)))**(2))*m)),(log((((cos(1.0)*((((z/((((z/-((((1.0*((((z)**(-1)))**(0.5))))**(-1)))))**(2))-z))+1.0))**(-1))))**(-1)))*m),[neg mul n2 add cos sqrt sqrt 1.0 add cos sub mul z inv z 1.0 1.0 m],"[mul log inv mul cos 1.0 inv add div z sub n2 div z neg inv mul 1.0 sqrt
 inv z z 1.0 m]",[ 1.         -6.96269965],[ 1.         79.25878615]
26,0.03872027981333342,0.5037178275273839,0.626081972223338,0.5621508462272158,20.0,23.864,0.00892435974738473,78,78,(((((((((exp(sin((z/z)))-(z*(((1.0/((z)**(0.5))))**(2))))*m))**(0.5))/m))**(-1)))**(2)),(log((((cos(1.0)*((((z/((((z/-((((1.0*((((z)**(-1)))**(0.5))))**(-1)))))**(2))-z))+1.0))**(-1))))**(-1)))*m),[n2 inv div sqrt mul sub exp sin div z z mul z n2 div 1.0 sqrt z m m],"[mul log inv mul cos 1.0 inv add div z sub n2 div z neg inv mul 1.0 sqrt
 inv z z 1.0 m]",[  1.         110.56761972],[ 1.         79.25878615]
27,0.03877930150349649,0.5031407853411923,0.626081972223338,0.5222319576140448,21.0,23.905,-0.016148592953894793,81,78,(log(((sin(((((exp((((g*(((v*(v*((z)**(-1)))))**(-1))))**(0.5))))**(-1)))**(0.5)))+1.0)/1.0))*m),(log((((cos(1.0)*((((z/((((z/-((((1.0*((((z)**(-1)))**(0.5))))**(-1)))))**(2))-z))+1.0))**(-1))))**(-1)))*m),"[mul log div add sin sqrt inv exp sqrt mul g inv mul v mul v inv z 1.0 1.0
 m]","[mul log inv mul cos 1.0 inv add div z sub n2 div z neg inv mul 1.0 sqrt
 inv z z 1.0 m]",[-34.97618819 195.130218  ],[ 1.         79.25878615]
28,0.04740959984204525,0.5025253169416731,0.626081972223338,0.5025253169416734,16.0,23.697,-0.03820735113357068,100,96,((((log((sin((1.0*(((((1.0)**(-1))*1.0))**(0.5))))-1.0)))**(2))-1.0)*m),(log((((cos(1.0)*((((z/((((z/-((((1.0*((((z)**(-1)))**(0.5))))**(-1)))))**(2))-z))+1.0))**(-1))))**(-1)))*m),[mul sub n2 log sub sin mul 1.0 sqrt mul inv 1.0 1.0 1.0 1.0 m],"[mul log inv mul cos 1.0 inv add div z sub n2 div z neg inv mul 1.0 sqrt
 inv z z 1.0 m]",[ 1.         18.78167138],[ 1.         79.25878615]
29,0.04041730755481519,0.5025253169416731,0.626081972223338,0.5025253169416734,14.0,24.037,-0.038655098592179186,83,82,(sin(log((((exp(1.0))**(-1))*(1.0+(((z/z))**(-1))))))*m),(log((((cos(1.0)*((((z/((((z/-((((1.0*((((z)**(-1)))**(0.5))))**(-1)))))**(2))-z))+1.0))**(-1))))**(-1)))*m),[mul sin log mul inv exp 1.0 add 1.0 inv div z z m],"[mul log inv mul cos 1.0 inv add div z sub n2 div z neg inv mul 1.0 sqrt
 inv z z 1.0 m]",[   1.         -148.74942593],[ 1.         79.25878615]
30,0.038682755300037994,0.5025253169416731,0.626081972223338,0.5025253169416734,15.0,23.83,-0.038042875908079775,83,78,(exp((sin(log(((((-((1.0/-(((1.0)**(2))))))**(2)))**(-1))))+1.0))*m),(log((((cos(1.0)*((((z/((((z/-((((1.0*((((z)**(-1)))**(0.5))))**(-1)))))**(2))-z))+1.0))**(-1))))**(-1)))*m),[mul exp add sin log inv n2 neg div 1.0 neg n2 1.0 1.0 m],"[mul log inv mul cos 1.0 inv add div z sub n2 div z neg inv mul 1.0 sqrt
 inv z z 1.0 m]",[ 1.         16.52928181],[ 1.         79.25878615]
31,0.03866168351284702,0.5025253169416731,0.626081972223338,0.5025253169416734,18.0,23.713,-0.03816370033328753,82,79,((((((((exp(((((sin(-(1.0))-(1.0+1.0))-1.0))**(2))))**(0.5))-1.0))**(2)))**(-1))*m),(log((((cos(1.0)*((((z/((((z/-((((1.0*((((z)**(-1)))**(0.5))))**(-1)))))**(2))-z))+1.0))**(-1))))**(-1)))*m),[mul inv n2 sub sqrt exp n2 sub sub sin neg 1.0 add 1.0 1.0 1.0 1.0 m],"[mul log inv mul cos 1.0 inv add div z sub n2 div z neg inv mul 1.0 sqrt
 inv z z 1.0 m]",[1.00000000e+00 1.15039173e+08],[ 1.         79.25878615]
32,0.044358053093336854,0.5044253683469054,0.626081972223338,0.5647951591433898,13.0,23.744,0.014833185278600641,92,91,-((m*sin((z*((((((z+z)*z))**(0.5)))**(-1)))))),(log((((cos(1.0)*((((z/((((z/-((((1.0*((((z)**(-1)))**(0.5))))**(-1)))))**(2))-z))+1.0))**(-1))))**(-1)))*m),[neg mul m sin mul z inv sqrt mul add z z z],"[mul log inv mul cos 1.0 inv add div z sub n2 div z neg inv mul 1.0 sqrt
 inv z z 1.0 m]",[   1.         -101.86549708],[ 1.         79.25878615]
33,0.03725622225690917,0.5025253169416731,0.626081972223338,0.5025253169416734,17.0,23.813,-0.037980759084909395,77,76,(((exp((((-(((log(((sin(((1.0)**(0.5)))+1.0)+1.0)))**(-1))))**(2))+1.0)))**(2))*m),(log((((cos(1.0)*((((z/((((z/-((((1.0*((((z)**(-1)))**(0.5))))**(-1)))))**(2))-z))+1.0))**(-1))))**(-1)))*m),[mul n2 exp add n2 neg inv log add add sin sqrt 1.0 1.0 1.0 1.0 m],"[mul log inv mul cos 1.0 inv add div z sub n2 div z neg inv mul 1.0 sqrt
 inv z z 1.0 m]",[1.         0.97170237],[ 1.         79.25878615]
34,0.03926684662022585,0.5025253169416731,0.626081972223338,0.5025253169416734,18.0,23.732,-0.03805508395406237,82,79,(m-((((exp(((-((((sin(((((1.0)**(-1)))**(2))))**(-1))/((1.0)**(0.5)))))**(2))))**(2))*m)+m)),(log((((cos(1.0)*((((z/((((z/-((((1.0*((((z)**(-1)))**(0.5))))**(-1)))))**(2))-z))+1.0))**(-1))))**(-1)))*m),[sub m add mul n2 exp n2 neg div inv sin n2 inv 1.0 sqrt 1.0 m m],"[mul log inv mul cos 1.0 inv add div z sub n2 div z neg inv mul 1.0 sqrt
 inv z z 1.0 m]",[ 1.         -2.66596904],[ 1.         79.25878615]
35,0.03665268741856118,0.5028600761847689,0.626081972223338,0.5140865065461967,19.0,23.752,-0.027424289987767154,79,74,((log(((((-(((((((((z*(g/((v)**(2)))))**(-1)))**(0.5))+1.0))**(-1))))**(2)))**(2)))*m)/1.0),(log((((cos(1.0)*((((z/((((z/-((((1.0*((((z)**(-1)))**(0.5))))**(-1)))))**(2))-z))+1.0))**(-1))))**(-1)))*m),[div mul log n2 n2 neg inv add sqrt inv mul z div g n2 v 1.0 m 1.0],"[mul log inv mul cos 1.0 inv add div z sub n2 div z neg inv mul 1.0 sqrt
 inv z z 1.0 m]",[-13.7907316  -25.16930776],[ 1.         79.25878615]
36,0.03500482635696637,0.5025253169416731,0.626081972223338,0.5025253169416734,18.0,23.764,-0.03828401017146213,76,71,(((-(((sin(((1.0*(((log(((((((1.0)**(-1)))**(0.5)))**(-1))))**(0.5))+1.0))*1.0)))**(-1))))**(2))*m),(log((((cos(1.0)*((((z/((((z/-((((1.0*((((z)**(-1)))**(0.5))))**(-1)))))**(2))-z))+1.0))**(-1))))**(-1)))*m),[mul n2 neg inv sin mul mul 1.0 add sqrt log inv sqrt inv 1.0 1.0 1.0 m],"[mul log inv mul cos 1.0 inv add div z sub n2 div z neg inv mul 1.0 sqrt
 inv z z 1.0 m]",[ 1.         31.81462121],[ 1.         79.25878615]
37,0.034708793992163395,0.5031799715028711,0.626081972223338,0.535258045001569,17.0,23.833,-0.016907114551161957,76,71,(m--((((exp(((((((((z)**(2)))**(-1)))**(0.5))*z)-(1.0-1.0))))**(0.5))*m))),(log((((cos(1.0)*((((z/((((z/-((((1.0*((((z)**(-1)))**(0.5))))**(-1)))))**(2))-z))+1.0))**(-1))))**(-1)))*m),[sub m neg mul sqrt exp sub mul sqrt inv n2 z z sub 1.0 1.0 m],"[mul log inv mul cos 1.0 inv add div z sub n2 div z neg inv mul 1.0 sqrt
 inv z z 1.0 m]",[ 1.        26.1430654],[ 1.         79.25878615]
38,0.040277437234035936,0.5035558232310102,0.626081972223338,0.5299650578347068,18.0,23.629,-0.00406902482931968,82,81,(cos(((z/-(((((v*exp((z*((z)**(-1))))))**(2))/g)))-1.0))*m),(log((((cos(1.0)*((((z/((((z/-((((1.0*((((z)**(-1)))**(0.5))))**(-1)))))**(2))-z))+1.0))**(-1))))**(-1)))*m),[mul cos sub div z neg div n2 mul v exp mul z inv z g 1.0 m],"[mul log inv mul cos 1.0 inv add div z sub n2 div z neg inv mul 1.0 sqrt
 inv z z 1.0 m]",[-4.80182164 93.6011007 ],[ 1.         79.25878615]
39,0.03258995984188586,0.5023575569542217,0.626081972223338,0.5025253169416734,4.0,23.823,0.07134805286560808,68,67,(m*exp(1.0)),(log((((cos(1.0)*((((z/((((z/-((((1.0*((((z)**(-1)))**(0.5))))**(-1)))))**(2))-z))+1.0))**(-1))))**(-1)))*m),[mul m exp 1.0],"[mul log inv mul cos 1.0 inv add div z sub n2 div z neg inv mul 1.0 sqrt
 inv z z 1.0 m]",[ 1.         16.52928181],[ 1.         79.25878615]
40,0.02778535889105848,0.49973712954886795,0.626081972223338,0.5025253169416734,22.0,23.901,1.0222905402696973,59,57,(((((exp(-(((sin((-(1.0)-(v/v))))**(2)))))**(2))*(z/(z*((m)**(-1)))))-m)-m),(log((((cos(1.0)*((((z/((((z/-((((1.0*((((z)**(-1)))**(0.5))))**(-1)))))**(2))-z))+1.0))**(-1))))**(-1)))*m),[sub sub mul n2 exp neg n2 sin sub neg 1.0 div v v div z mul z inv m m m],"[mul log inv mul cos 1.0 inv add div z sub n2 div z neg inv mul 1.0 sqrt
 inv z z 1.0 m]",[  1.         -24.84244148],[ 1.         79.25878615]
41,0.037200485467474974,0.5025253169416731,0.626081972223338,0.5025253169416734,16.0,23.619,-0.038237092293495915,79,76,-((1.0/(((((cos((1.0+exp(-(1.0)))))**(0.5)))**(-1))/((-(((m)**(-1))))**(-1))))),(log((((cos(1.0)*((((z/((((z/-((((1.0*((((z)**(-1)))**(0.5))))**(-1)))))**(2))-z))+1.0))**(-1))))**(-1)))*m),[neg div 1.0 div inv sqrt cos add 1.0 exp neg 1.0 inv neg inv m],"[mul log inv mul cos 1.0 inv add div z sub n2 div z neg inv mul 1.0 sqrt
 inv z z 1.0 m]",[  1.         100.08790641],[ 1.         79.25878615]
42,0.042753069508806675,0.5062464549213901,0.626081972223338,0.6018954750667083,18.0,23.61,0.10152971498415628,89,87,(m-((log((((-(sin((z/(((z*z))**(0.5)))))+1.0))**(2)))*m)-m)),(log((((cos(1.0)*((((z/((((z/-((((1.0*((((z)**(-1)))**(0.5))))**(-1)))))**(2))-z))+1.0))**(-1))))**(-1)))*m),[sub m sub mul log n2 add neg sin div z sqrt mul z z 1.0 m m],"[mul log inv mul cos 1.0 inv add div z sub n2 div z neg inv mul 1.0 sqrt
 inv z z 1.0 m]",[ 1.         17.34870346],[ 1.         79.25878615]
43,0.03855154008085475,0.5025253173713121,0.626081972223338,0.5025253384236142,20.0,23.708,-0.037738219833069235,81,78,(cos(((exp((((((g/(v/(((z*(z*(((g*z))**(-1)))))**(0.5)))))**(0.5)))**(0.5))))**(-1)))*m),(log((((cos(1.0)*((((z/((((z/-((((1.0*((((z)**(-1)))**(0.5))))**(-1)))))**(2))-z))+1.0))**(-1))))**(-1)))*m),[mul cos inv exp sqrt sqrt div g div v sqrt mul z mul z inv mul g z m],"[mul log inv mul cos 1.0 inv add div z sub n2 div z neg inv mul 1.0 sqrt
 inv z z 1.0 m]",[5.85362791e+06 4.49314278e+01],[ 1.         79.25878615]
44,0.045106941057084425,0.5025253169416731,0.626081972223338,0.5025253169416734,19.0,23.509,-0.03799440821951433,92,92,(exp(1.0)*((sin((-((((m/((m-m)+m)))**(0.5)))+1.0))-1.0)*m)),(log((((cos(1.0)*((((z/((((z/-((((1.0*((((z)**(-1)))**(0.5))))**(-1)))))**(2))-z))+1.0))**(-1))))**(-1)))*m),[mul exp 1.0 mul sub sin add neg sqrt div m add sub m m m 1.0 1.0 m],"[mul log inv mul cos 1.0 inv add div z sub n2 div z neg inv mul 1.0 sqrt
 inv z z 1.0 m]",[  1.         -16.52928181],[ 1.         79.25878615]
45,0.04550329883246263,0.5059997820720664,0.626081972223338,0.6021485488363667,14.0,23.616,0.0743244044360504,91,91,(m*exp((((z)**(-1))/(((((z*(((z*z))**(0.5))))**(-1)))**(0.5))))),(log((((cos(1.0)*((((z/((((z/-((((1.0*((((z)**(-1)))**(0.5))))**(-1)))))**(2))-z))+1.0))**(-1))))**(-1)))*m),[mul m exp div inv z sqrt inv mul z sqrt mul z z],"[mul log inv mul cos 1.0 inv add div z sub n2 div z neg inv mul 1.0 sqrt
 inv z z 1.0 m]",[ 1.         36.30050884],[ 1.         79.25878615]
46,0.047331271768132,0.5045277114856641,0.626081972223338,0.5647951591433898,19.0,23.334,0.04057349820712961,95,95,((((v*((v)**(-1)))/(-((z/((z)**(0.5))))*-((m*(1.0/((z)**(0.5))))))))**(-1)),(log((((cos(1.0)*((((z/((((z/-((((1.0*((((z)**(-1)))**(0.5))))**(-1)))))**(2))-z))+1.0))**(-1))))**(-1)))*m),[inv div mul v inv v mul neg div z sqrt z neg mul m div 1.0 sqrt z],"[mul log inv mul cos 1.0 inv add div z sub n2 div z neg inv mul 1.0 sqrt
 inv z z 1.0 m]",[ 1.         66.17558972],[ 1.         79.25878615]
47,0.040589404856720426,0.5025253169416731,0.626081972223338,0.5025253169416734,22.0,23.363,-0.03794876359380371,86,82,(log(sin(((((exp((z/(z*1.0)))-(z*(z*-(((((z)**(2)))**(-1))))))+1.0))**(-1))))*m),(log((((cos(1.0)*((((z/((((z/-((((1.0*((((z)**(-1)))**(0.5))))**(-1)))))**(2))-z))+1.0))**(-1))))**(-1)))*m),"[mul log sin inv add sub exp div z mul z 1.0 mul z mul z neg inv n2 z 1.0
 m]","[mul log inv mul cos 1.0 inv add div z sub n2 div z neg inv mul 1.0 sqrt
 inv z z 1.0 m]",[  1.         -28.82161888],[ 1.         79.25878615]
48,0.04830668382914331,0.5032700307060439,0.626081972223338,0.539761005160212,19.0,23.154,-0.014627912145972494,97,97,(((z*((((((((sin(1.0)-exp(1.0))*(z*((m)**(-1)))))**(2)))**(-1)))**(0.5)))-m)-m),(log((((cos(1.0)*((((z/((((z/-((((1.0*((((z)**(-1)))**(0.5))))**(-1)))))**(2))-z))+1.0))**(-1))))**(-1)))*m),[sub sub mul z sqrt inv n2 mul sub sin 1.0 exp 1.0 mul z inv m m m],"[mul log inv mul cos 1.0 inv add div z sub n2 div z neg inv mul 1.0 sqrt
 inv z z 1.0 m]",[  1.         -28.05688385],[ 1.         79.25878615]
49,0.05257722783464848,0.5025321259664857,0.626081972223338,0.5028657681783875,14.0,22.92,-0.0373601974226892,106,106,(m/((((cos(exp((z/((((-(((((z)**(2)))**(-1))))**(0.5)))**(-1))))))**(0.5)))**(0.5))),(log((((cos(1.0)*((((z/((((z/-((((1.0*((((z)**(-1)))**(0.5))))**(-1)))))**(2))-z))+1.0))**(-1))))**(-1)))*m),[div m sqrt sqrt cos exp div z inv sqrt neg inv n2 z],"[mul log inv mul cos 1.0 inv add div z sub n2 div z neg inv mul 1.0 sqrt
 inv z z 1.0 m]",[ 1.         44.19910454],[ 1.         79.25878615]
50,0.05406214908997698,0.5032275595577589,0.626081972223338,0.5376374477459553,20.0,22.956,-0.011994007495441918,110,109,(((sin((1.0*(z/z)))-(((z*-(((((((z)**(2)))**(-1)))**(0.5)))))**(-1)))/((m)**(-1)))-m),(log((((cos(1.0)*((((z/((((z/-((((1.0*((((z)**(-1)))**(0.5))))**(-1)))))**(2))-z))+1.0))**(-1))))**(-1)))*m),[sub div sub sin mul 1.0 div z z inv mul z neg sqrt inv n2 z inv m m],"[mul log inv mul cos 1.0 inv add div z sub n2 div z neg inv mul 1.0 sqrt
 inv z z 1.0 m]",[ 1.         59.06645741],[ 1.         79.25878615]
51,0.044725959646929915,0.5028380561509218,0.626081972223338,0.5181622774041041,24.0,23.041,-0.024881875239125044,93,90,(((exp(cos(((((-((1.0-(1.0/(z*(((((((((z*z))**(2)))**(-1)))**(0.5)))**(0.5)))))))**(-1)))**(0.5))))/z)*z)*m),(log((((cos(1.0)*((((z/((((z/-((((1.0*((((z)**(-1)))**(0.5))))**(-1)))))**(2))-z))+1.0))**(-1))))**(-1)))*m),"[mul mul div exp cos sqrt inv neg sub 1.0 div 1.0 mul z sqrt sqrt inv n2
 mul z z z z m]","[mul log inv mul cos 1.0 inv add div z sub n2 div z neg inv mul 1.0 sqrt
 inv z z 1.0 m]",[ 1.         21.04230655],[ 1.         79.25878615]
52,0.04675703875006793,0.5068704607228307,0.626081972223338,0.6201592741048562,19.0,22.872,0.09410404583729697,95,94,(((log(((((z/(((z*z))**(0.5)))+((((1.0)**(2)))**(-1))))**(0.5)))/((m)**(-1)))-m)+m),(log((((cos(1.0)*((((z/((((z/-((((1.0*((((z)**(-1)))**(0.5))))**(-1)))))**(2))-z))+1.0))**(-1))))**(-1)))*m),[add sub div log sqrt add div z sqrt mul z z inv n2 1.0 inv m m m],"[mul log inv mul cos 1.0 inv add div z sub n2 div z neg inv mul 1.0 sqrt
 inv z z 1.0 m]",[  1.        296.8394101],[ 1.         79.25878615]
53,0.04273668382684689,0.5049714628753725,0.626081972223338,0.6248326136266398,19.0,23.021,0.05186730579892999,88,86,(cos(((((((((z*-(z)))**(0.5)))**(-1))*(1.0*z))/(z/z))-1.0))*m),(log((((cos(1.0)*((((z/((((z/-((((1.0*((((z)**(-1)))**(0.5))))**(-1)))))**(2))-z))+1.0))**(-1))))**(-1)))*m),[mul cos sub div mul inv sqrt mul z neg z mul 1.0 z div z z 1.0 m],"[mul log inv mul cos 1.0 inv add div z sub n2 div z neg inv mul 1.0 sqrt
 inv z z 1.0 m]",[ 1.        96.7847058],[ 1.         79.25878615]
54,0.047668608020388886,0.5025253169416731,0.626081972223338,0.5025253169416734,16.0,22.917,-0.03792537926764367,97,97,(exp((((((((1.0)**(0.5))*((1.0)**(0.5)))-sin(((1.0)**(0.5))))--(1.0)))**(0.5)))*m),(log((((cos(1.0)*((((z/((((z/-((((1.0*((((z)**(-1)))**(0.5))))**(-1)))))**(2))-z))+1.0))**(-1))))**(-1)))*m),[mul exp sqrt sub sub mul sqrt 1.0 sqrt 1.0 sin sqrt 1.0 neg 1.0 m],"[mul log inv mul cos 1.0 inv add div z sub n2 div z neg inv mul 1.0 sqrt
 inv z z 1.0 m]",[ 1.         15.31424753],[ 1.         79.25878615]
55,0.04430806924165913,0.5025253169416731,0.626081972223338,0.5025253169416734,16.0,22.794,-0.03809243677913,93,89,((m+((-((sin(-((exp(((1.0)**(0.5)))*exp(1.0))))/m)))**(-1)))+m),(log((((cos(1.0)*((((z/((((z/-((((1.0*((((z)**(-1)))**(0.5))))**(-1)))))**(2))-z))+1.0))**(-1))))**(-1)))*m),[add add m inv neg div sin neg mul exp sqrt 1.0 exp 1.0 m m],"[mul log inv mul cos 1.0 inv add div z sub n2 div z neg inv mul 1.0 sqrt
 inv z z 1.0 m]",[ 1.         14.40681366],[ 1.         79.25878615]
56,0.04935561522153819,0.5072305804256573,0.626081972223338,0.6201592741048562,15.0,22.791,0.10789150594481245,102,99,(((sin((((((z/((((((z)**(2)))**(-1)))**(0.5))))**(0.5))/z)+1.0)))**(2))*m),(log((((cos(1.0)*((((z/((((z/-((((1.0*((((z)**(-1)))**(0.5))))**(-1)))))**(2))-z))+1.0))**(-1))))**(-1)))*m),[mul n2 sin add div sqrt div z sqrt inv n2 z z 1.0 m],"[mul log inv mul cos 1.0 inv add div z sub n2 div z neg inv mul 1.0 sqrt
 inv z z 1.0 m]",[  1.         124.42426989],[ 1.         79.25878615]
57,0.0467578736643035,0.5042108749139197,0.626081972223338,0.586803215553998,16.0,22.888,0.021005100670835157,97,94,((m*(((((z*exp(((((1.0)**(2)))**(-1))))/log(1.0)))**(-1))*z))*1.0),(log((((cos(1.0)*((((z/((((z/-((((1.0*((((z)**(-1)))**(0.5))))**(-1)))))**(2))-z))+1.0))**(-1))))**(-1)))*m),[mul mul m mul inv div mul z exp inv n2 1.0 log 1.0 z 1.0],"[mul log inv mul cos 1.0 inv add div z sub n2 div z neg inv mul 1.0 sqrt
 inv z z 1.0 m]",[ 1.         11.72118945],[ 1.         79.25878615]
58,0.04433443566220983,0.5068965453737374,0.626081972223338,0.6201592741048562,15.0,22.937,0.10290057517111176,90,89,-((m-(((((((((((z)**(2))/z))**(0.5)))**(-1)))**(2))*-(z))*m))),(log((((cos(1.0)*((((z/((((z/-((((1.0*((((z)**(-1)))**(0.5))))**(-1)))))**(2))-z))+1.0))**(-1))))**(-1)))*m),[neg sub m mul mul n2 inv sqrt div n2 z z neg z m],"[mul log inv mul cos 1.0 inv add div z sub n2 div z neg inv mul 1.0 sqrt
 inv z z 1.0 m]",[  1.         -51.43835005],[ 1.         79.25878615]
59,0.04327394793304645,0.5046071499494309,0.626081972223338,0.606487921828813,18.0,22.999,0.035326939597013635,92,87,(-((((((z*((((((z)**(2)))**(-1)))**(0.5)))+(((1.0--(1.0)))**(-1))))**(-1))*m))-m),(log((((cos(1.0)*((((z/((((z/-((((1.0*((((z)**(-1)))**(0.5))))**(-1)))))**(2))-z))+1.0))**(-1))))**(-1)))*m),[sub neg mul inv add mul z sqrt inv n2 z inv sub 1.0 neg 1.0 m m],"[mul log inv mul cos 1.0 inv add div z sub n2 div z neg inv mul 1.0 sqrt
 inv z z 1.0 m]",[  1.         -52.65877641],[ 1.         79.25878615]
60,0.049774750216846596,0.5069042635041663,0.626081972223338,0.5647951591433898,17.0,22.982,0.1069995210156064,101,100,(m/(sin((z/(1.0/((-((((1.0*(z*z)))**(-1))))**(0.5)))))*1.0)),(log((((cos(1.0)*((((z/((((z/-((((1.0*((((z)**(-1)))**(0.5))))**(-1)))))**(2))-z))+1.0))**(-1))))**(-1)))*m),[div m mul sin div z div 1.0 sqrt neg inv mul 1.0 mul z z 1.0],"[mul log inv mul cos 1.0 inv add div z sub n2 div z neg inv mul 1.0 sqrt
 inv z z 1.0 m]",[ 1.         55.68483865],[ 1.         79.25878615]
61,0.04935380714615284,0.5049018237995828,0.626081972223338,0.6201592741048562,20.0,22.969,0.043098530505761797,102,100,(((sin((((z+(((z/-(((((((((((z)**(2)))**(-1)))**(0.5)))**(0.5)))**(-1)))))**(2)))*1.0)/z)))**(2))*m),(log((((cos(1.0)*((((z/((((z/-((((1.0*((((z)**(-1)))**(0.5))))**(-1)))))**(2))-z))+1.0))**(-1))))**(-1)))*m),[mul n2 sin div mul add z n2 div z neg inv sqrt sqrt inv n2 z 1.0 z m],"[mul log inv mul cos 1.0 inv add div z sub n2 div z neg inv mul 1.0 sqrt
 inv z z 1.0 m]",[  1.         124.42426989],[ 1.         79.25878615]
62,0.05463165049217907,0.5059004128231501,0.626081972223338,0.5647951591433898,16.0,22.874,0.058710714449024565,115,110,((((sin((z/((((((((z)**(0.5)))**(-1)))**(2)))**(-1))))/z)/(((z/m))**(-1))))**(-1)),(log((((cos(1.0)*((((z/((((z/-((((1.0*((((z)**(-1)))**(0.5))))**(-1)))))**(2))-z))+1.0))**(-1))))**(-1)))*m),[inv div div sin div z inv n2 inv sqrt z z inv div z m],"[mul log inv mul cos 1.0 inv add div z sub n2 div z neg inv mul 1.0 sqrt
 inv z z 1.0 m]",[ 1.         55.68483865],[ 1.         79.25878615]
63,0.0530705161200889,0.509615936640373,0.626081972223338,0.6217883875502958,20.0,22.799,0.19994103479920314,110,107,(m/(z/(((((((v)**(2))*(((((z/-(((-(((-(((v)**(-1))))**(2))))**(2)))))**(0.5)))**(-1))))**(2)))**(-1)))),(log((((cos(1.0)*((((z/((((z/-((((1.0*((((z)**(-1)))**(0.5))))**(-1)))))**(2))-z))+1.0))**(-1))))**(-1)))*m),[div m div z inv n2 mul n2 v inv sqrt div z neg n2 neg n2 neg inv v],"[mul log inv mul cos 1.0 inv add div z sub n2 div z neg inv mul 1.0 sqrt
 inv z z 1.0 m]",[ 1.         75.80679279],[ 1.         79.25878615]
64,0.05369634644623129,0.5061233929289712,0.626081972223338,0.6201592741048562,20.0,22.757,0.0885280130704649,113,108,((m+(((z/(((m*((((-((1.0*(((z*((m)**(-1))))**(-1)))))**(0.5)))**(-1))))**(2))))**(-1)))*1.0),(log((((cos(1.0)*((((z/((((z/-((((1.0*((((z)**(-1)))**(0.5))))**(-1)))))**(2))-z))+1.0))**(-1))))**(-1)))*m),[mul add m inv div z n2 mul m inv sqrt neg mul 1.0 inv mul z inv m 1.0],"[mul log inv mul cos 1.0 inv add div z sub n2 div z neg inv mul 1.0 sqrt
 inv z z 1.0 m]",[ 1.         51.43835005],[ 1.         79.25878615]
65,0.060224104759229465,0.5088684099604126,0.626081972223338,0.5907194045759772,22.0,22.531,0.19528826509910502,125,121,(-((-(((((((z)**(0.5))/((((z)**(-1)))**(0.5))))**(-1))*(z*z)))*z))*(((z*(z/m)))**(-1))),(log((((cos(1.0)*((((z/((((z/-((((1.0*((((z)**(-1)))**(0.5))))**(-1)))))**(2))-z))+1.0))**(-1))))**(-1)))*m),[mul neg mul neg mul inv div sqrt z sqrt inv z mul z z z inv mul z div z m],"[mul log inv mul cos 1.0 inv add div z sub n2 div z neg inv mul 1.0 sqrt
 inv z z 1.0 m]",[ 1.         72.70158661],[ 1.         79.25878615]
66,0.06095111262898436,0.507356492200025,0.626081972223338,0.5907643494305158,21.0,22.467,0.11791450806551124,124,123,(-((((z*(1.0/(((((z*z))**(-1)))**(0.5)))))**(0.5)))/((-((z/(z*(z/m)))))**(-1))),(log((((cos(1.0)*((((z/((((z/-((((1.0*((((z)**(-1)))**(0.5))))**(-1)))))**(2))-z))+1.0))**(-1))))**(-1)))*m),[div neg sqrt mul z div 1.0 sqrt inv mul z z inv neg div z mul z div z m],"[mul log inv mul cos 1.0 inv add div z sub n2 div z neg inv mul 1.0 sqrt
 inv z z 1.0 m]",[ 1.         72.70158661],[ 1.         79.25878615]
67,0.04622263157499797,0.5129525398562609,0.626081972223338,0.6201592741048562,17.0,22.529,0.2584826530977976,97,92,((((z/((-(((((((-((z/m)))**(-1)))**(2)))**(-1))))**(0.5)))-m)+m)+m),(log((((cos(1.0)*((((z/((((z/-((((1.0*((((z)**(-1)))**(0.5))))**(-1)))))**(2))-z))+1.0))**(-1))))**(-1)))*m),[add add sub div z sqrt neg inv n2 inv neg div z m m m m],"[mul log inv mul cos 1.0 inv add div z sub n2 div z neg inv mul 1.0 sqrt
 inv z z 1.0 m]",[ 1.         51.43835005],[ 1.         79.25878615]
68,0.05474919724497609,0.5082607465933294,0.626081972223338,0.6201592741048562,22.0,22.33,0.15034412267538239,112,110,(((((((((((((((((((1.0)**(-1)))**(0.5)))**(-1)))**(2)))**(2)))**(2)))**(2)))**(-1))*z)/(((z/-((((z*m))**(0.5)))))**(2)))+m),(log((((cos(1.0)*((((z/((((z/-((((1.0*((((z)**(-1)))**(0.5))))**(-1)))))**(2))-z))+1.0))**(-1))))**(-1)))*m),"[add div mul inv n2 n2 n2 n2 inv sqrt inv 1.0 z n2 div z neg sqrt mul z m
 m]","[mul log inv mul cos 1.0 inv add div z sub n2 div z neg inv mul 1.0 sqrt
 inv z z 1.0 m]",[ 1.         51.43835005],[ 1.         79.25878615]
69,0.05875245589289933,0.5062615074737762,0.626081972223338,0.5647951591433898,19.0,22.095,0.07633623436760424,121,119,(((z/-(((-((((((cos(((1.0)**(0.5)))*(((((((z/((m)**(-1))))**(-1)))**(0.5)))**(-1))))**(-1)))**(2))))**(-1)))))**(-1)),(log((((cos(1.0)*((((z/((((z/-((((1.0*((((z)**(-1)))**(0.5))))**(-1)))))**(2))-z))+1.0))**(-1))))**(-1)))*m),[inv div z neg inv neg n2 inv mul cos sqrt 1.0 inv sqrt inv div z inv m],"[mul log inv mul cos 1.0 inv add div z sub n2 div z neg inv mul 1.0 sqrt
 inv z z 1.0 m]",[  1.         226.68572807],[ 1.         79.25878615]
70,0.054793274806802926,0.5094041262459171,0.626081972223338,0.6201592741048562,20.0,22.155,0.17363312956283897,113,110,((m/(((((z)**(-1))/(((-(((z)**(0.5)))*-((z/(z/((z)**(-1)))))))**(2))))**(-1)))+m),(log((((cos(1.0)*((((z/((((z/-((((1.0*((((z)**(-1)))**(0.5))))**(-1)))))**(2))-z))+1.0))**(-1))))**(-1)))*m),[add div m inv div inv z n2 mul neg sqrt z neg div z div z inv z m],"[mul log inv mul cos 1.0 inv add div z sub n2 div z neg inv mul 1.0 sqrt
 inv z z 1.0 m]",[ 1.         51.43835005],[ 1.         79.25878615]
71,0.0641860770481206,0.5116911285178098,0.626081972223338,0.6201592741048562,23.0,22.023,0.27403101227529403,130,129,((((((((-(z))**(-1))*((-(((g)**(-1))))**(-1))))**(-1))*m)/((((-((((((((g/z))**(-1)))**(0.5)))**(-1))))**(2)))**(-1)))+m),(log((((cos(1.0)*((((z/((((z/-((((1.0*((((z)**(-1)))**(0.5))))**(-1)))))**(2))-z))+1.0))**(-1))))**(-1)))*m),"[add div mul inv mul inv neg z inv neg inv g m inv n2 neg inv sqrt inv div
 g z m]","[mul log inv mul cos 1.0 inv add div z sub n2 div z neg inv mul 1.0 sqrt
 inv z z 1.0 m]",[ 1.         51.43835005],[ 1.         79.25878615]
72,0.052908728844904315,0.5100307238799775,0.6282410589251978,0.6282410589251978,19.0,22.01,0.18533986971808786,107,107,(m+(((sin((z*((((((-(((((z)**(0.5)))**(-1))))**(-1)))**(2)))**(-1))))*((((-(((m)**(0.5))))**(-1)))**(2))))**(-1))),(m+(((sin((z*((((((-(((((z)**(0.5)))**(-1))))**(-1)))**(2)))**(-1))))*((((-(((m)**(0.5))))**(-1)))**(2))))**(-1))),[add m inv mul sin mul z inv n2 inv neg inv sqrt z n2 inv neg sqrt m],[add m inv mul sin mul z inv n2 inv neg inv sqrt z n2 inv neg sqrt m],[ 1.         47.48414997],[ 1.         47.48414997]
73,0.05482979781321227,0.515264186087039,0.6282410589251978,0.6201592741048562,15.0,22.054,0.3066343328506669,112,110,(((1.0/z)*((((((-((((z/((m)**(-1))))**(0.5))))**(-1)))**(2)))**(-1)))+m),(m+(((sin((z*((((((-(((((z)**(0.5)))**(-1))))**(-1)))**(2)))**(-1))))*((((-(((m)**(0.5))))**(-1)))**(2))))**(-1))),[add mul div 1.0 z inv n2 inv neg sqrt div z inv m m],[add m inv mul sin mul z inv n2 inv neg inv sqrt z n2 inv neg sqrt m],[ 1.         51.43835005],[ 1.         47.48414997]
74,0.052266764236092424,0.5099061665892437,0.6282410589251978,0.6282410589251978,17.0,21.917,0.15133955000471364,108,105,((((sin((((((((z)**(-1)))**(0.5))*(z*((-(((z)**(0.5))))**(-1)))))**(-1))))**(-1))*m)-m),(m+(((sin((z*((((((-(((((z)**(0.5)))**(-1))))**(-1)))**(2)))**(-1))))*((((-(((m)**(0.5))))**(-1)))**(2))))**(-1))),[sub mul inv sin inv mul sqrt inv z mul z inv neg sqrt z m m],[add m inv mul sin mul z inv n2 inv neg inv sqrt z n2 inv neg sqrt m],[  1.         -47.48414997],[ 1.         47.48414997]
75,0.0528608059296412,0.5128776894485958,0.6303179586401161,0.6303179586401161,22.0,21.793,0.278597329074871,107,106,(log(((((z/((-((-(z)*z)))**(-1)))/1.0)/(((z*((z)**(0.5))))**(2)))+1.0))/((m)**(-1))),(log(((((z/((-((-(z)*z)))**(-1)))/1.0)/(((z*((z)**(0.5))))**(2)))+1.0))/((m)**(-1))),"[div log add div div div z inv neg mul neg z z 1.0 n2 mul z sqrt z 1.0 inv
 m]","[div log add div div div z inv neg mul neg z z 1.0 n2 mul z sqrt z 1.0 inv
 m]",[  1.         148.15334361],[  1.         148.15334361]
76,0.06977169050716402,0.5075484946923018,0.6303179586401161,0.5647951591433898,22.0,21.623,0.11919456686683554,143,141,(sin((z/(((((((z)**(-1))/((-(((z)**(0.5))))**(-1))))**(2)))**(-1))))/(((z/(z/-(((((m)**(0.5)))**(-1))))))**(2))),(log(((((z/((-((-(z)*z)))**(-1)))/1.0)/(((z*((z)**(0.5))))**(2)))+1.0))/((m)**(-1))),"[div sin div z inv n2 div inv z inv neg sqrt z n2 div z div z neg inv sqrt
 m]","[div log add div div div z inv neg mul neg z z 1.0 n2 mul z sqrt z 1.0 inv
 m]",[ 1.         78.64274695],[  1.         148.15334361]
77,0.05267009564616192,0.5081634852759622,0.6303179586401161,0.5647951591433898,19.0,21.743,0.12024474605147432,111,106,-(((m*z)/(((((exp(-((z/-(z)))))**(-1))*-((z/((z)**(0.5))))))**(2)))),(log(((((z/((-((-(z)*z)))**(-1)))/1.0)/(((z*((z)**(0.5))))**(2)))+1.0))/((m)**(-1))),[neg div mul m z n2 mul inv exp neg div z neg z neg div z sqrt z],"[div log add div div div z inv neg mul neg z z 1.0 n2 mul z sqrt z 1.0 inv
 m]",[ 1.         -8.95589218],[  1.         148.15334361]
78,0.06330780401410029,0.5231161518577143,0.6325282071503964,0.6325282071503964,20.0,21.613,0.5023935381879944,126,126,(sin((((((-((((z*-(z)))**(0.5)))*(z/-(((z)**(2)))))-1.0))**(2))-1.0))*m),(sin((((((-((((z*-(z)))**(0.5)))*(z/-(((z)**(2)))))-1.0))**(2))-1.0))*m),[mul sin sub n2 sub mul neg sqrt mul z neg z div z neg n2 z 1.0 1.0 m],[mul sin sub n2 sub mul neg sqrt mul z neg z div z neg n2 z 1.0 1.0 m],[   1.         -123.22622397],[   1.         -123.22622397]
79,0.07431496035610678,0.516597604198808,0.6325282071503964,0.6201592741048562,18.0,21.557,0.3452774684532862,149,149,((m*((-((((z*((-(((-((((1.0/((z)**(0.5))))**(-1))))**(-1))))**(2))))**(-1))))**(-1)))-m),(sin((((((-((((z*-(z)))**(0.5)))*(z/-(((z)**(2)))))-1.0))**(2))-1.0))*m),[sub mul m inv neg inv mul z n2 neg inv neg inv div 1.0 sqrt z m],[mul sin sub n2 sub mul neg sqrt mul z neg z div z neg n2 z 1.0 1.0 m],[  1.         -51.43835005],[   1.         -123.22622397]
80,0.06476654389648752,0.5131291629213244,0.6325282071503964,0.6146578141398993,19.0,21.6,0.2852412327758196,131,130,((cos(exp(((((((-(((-(((((z)**(-1)))**(0.5))))**(-1))))**(2))/z)*-(1.0)))**(-1))))*m)+m),(sin((((((-((((z*-(z)))**(0.5)))*(z/-(((z)**(2)))))-1.0))**(2))-1.0))*m),[add mul cos exp inv mul div n2 neg inv neg sqrt inv z z neg 1.0 m m],[mul sin sub n2 sub mul neg sqrt mul z neg z div z neg n2 z 1.0 1.0 m],[ 1.         52.66057019],[   1.         -123.22622397]
81,0.06933994269562863,0.5124171292886891,0.6325282071503964,0.6201592741048562,17.0,21.611,0.24748717418930755,141,139,(log((-((((-(((((-(((z)**(0.5))))**(-1)))**(2)))/(1.0/z)))**(-1)))+1.0))*m),(sin((((((-((((z*-(z)))**(0.5)))*(z/-(((z)**(2)))))-1.0))**(2))-1.0))*m),[mul log add neg inv div neg n2 inv neg sqrt z div 1.0 z 1.0 m],[mul sin sub n2 sub mul neg sqrt mul z neg z div z neg n2 z 1.0 1.0 m],[  1.         148.41970505],[   1.         -123.22622397]
82,0.06905123250522632,0.5108770188550947,0.6325282071503964,0.6021485488363668,16.0,21.559,0.1885373326017216,142,139,(exp(-((((z/((-(((((((((-(((z)**(-1))))**(-1)))**(2)))**(-1)))**(0.5))))**(-1))))**(-1))))*m),(sin((((((-((((z*-(z)))**(0.5)))*(z/-(((z)**(2)))))-1.0))**(2))-1.0))*m),[mul exp neg inv div z inv neg sqrt inv n2 inv neg inv z m],[mul sin sub n2 sub mul neg sqrt mul z neg z div z neg n2 z 1.0 1.0 m],[ 1.         36.30050884],[   1.         -123.22622397]
83,0.06322207551950984,0.5076441888245563,0.6325282071503964,0.5716593844806758,20.0,21.656,0.11328363369810407,128,127,(-((((m/((((((-(((z)**(2))))**(-1)))**(0.5)))**(-1)))*z)+(z*(((z/m))**(-1)))))-m),(sin((((((-((((z*-(z)))**(0.5)))*(z/-(((z)**(2)))))-1.0))**(2))-1.0))*m),[sub neg add mul div m inv sqrt inv neg n2 z z mul z inv div z m m],[mul sin sub n2 sub mul neg sqrt mul z neg z div z neg n2 z 1.0 1.0 m],[  1.         -29.33046663],[   1.         -123.22622397]
84,0.07218316552549527,0.508928516391761,0.6325282071503964,0.5716593844806759,21.0,21.472,0.15820763870398213,147,145,((((((((-((((-(z)/((z)**(0.5))))**(2))))**(-1))*z)-((1.0)**(-1)))*z)/z)*m)-m),(sin((((((-((((z*-(z)))**(0.5)))*(z/-(((z)**(2)))))-1.0))**(2))-1.0))*m),[sub mul div mul sub mul inv neg n2 div neg z sqrt z z inv 1.0 z z m m],[mul sin sub n2 sub mul neg sqrt mul z neg z div z neg n2 z 1.0 1.0 m],[  1.         -29.33046663],[   1.         -123.22622397]
85,0.07191249954407335,0.5184237284507257,0.6325282071503964,0.6248326136266398,14.0,21.538,0.4212224193384899,146,144,(cos(((z-((-(((((((z)**(-1)))**(2)))**(-1))))**(0.5)))/-(z)))*m),(sin((((((-((((z*-(z)))**(0.5)))*(z/-(((z)**(2)))))-1.0))**(2))-1.0))*m),[mul cos div sub z sqrt neg inv n2 inv z neg z m],[mul sin sub n2 sub mul neg sqrt mul z neg z div z neg n2 z 1.0 1.0 m],[ 1.        96.7847058],[   1.         -123.22622397]
86,0.07178568372801726,0.5224137917470247,0.6325282071503964,0.6183380605527086,17.0,21.566,0.503789279952177,143,143,(m/(sin((-(((((z+((-(((z)**(2))))**(0.5))))**(-1))*z))-1.0))+1.0)),(sin((((((-((((z*-(z)))**(0.5)))*(z/-(((z)**(2)))))-1.0))**(2))-1.0))*m),[div m add sin sub neg mul inv add z sqrt neg n2 z z 1.0 1.0],[mul sin sub n2 sub mul neg sqrt mul z neg z div z neg n2 z 1.0 1.0 m],[1.         0.25687425],[   1.         -123.22622397]
87,0.08190344591398559,0.5240123841864929,0.6325282071503964,0.6201592741048562,20.0,21.474,0.5938617185877735,168,164,(m-(m/-(((-((((z)**(-1))/-((((z/(z/-(((((z)**(-1)))**(0.5))))))**(2))))))**(-1))))),(sin((((((-((((z*-(z)))**(0.5)))*(z/-(((z)**(2)))))-1.0))**(2))-1.0))*m),[sub m div m neg inv neg div inv z neg n2 div z div z neg sqrt inv z],[mul sin sub n2 sub mul neg sqrt mul z neg z div z neg n2 z 1.0 1.0 m],[ 1.         51.43835005],[   1.         -123.22622397]
88,0.0766789046473143,0.5164638948670435,0.6325282071503964,0.6021485488363668,22.0,21.636,0.36192083802629615,159,154,-((exp(((((((((((((z/-(((z)**(0.5))))/z))**(-1)))**(2)))**(-1))*1.0))**(-1))/z))/(m/((m)**(2))))),(sin((((((-((((z*-(z)))**(0.5)))*(z/-(((z)**(2)))))-1.0))**(2))-1.0))*m),"[neg div exp div inv mul inv n2 inv div div z neg sqrt z z 1.0 z div m n2
 m]",[mul sin sub n2 sub mul neg sqrt mul z neg z div z neg n2 z 1.0 1.0 m],[  1.         -36.30050884],[   1.         -123.22622397]
89,0.07611489884048045,0.5236778621306503,0.6325282071503964,0.6201592741048562,21.0,21.679,0.5670931310104533,152,151,((((z+(((-(((z)**(2)))*-((((z/z))**(2)))))**(0.5)))+z)*(((z/m))**(-1)))-m),(sin((((((-((((z*-(z)))**(0.5)))*(z/-(((z)**(2)))))-1.0))**(2))-1.0))*m),[sub mul add add z sqrt mul neg n2 z neg n2 div z z z inv div z m m],[mul sin sub n2 sub mul neg sqrt mul z neg z div z neg n2 z 1.0 1.0 m],[ 1.         51.43835005],[   1.         -123.22622397]
90,0.06764437421890793,0.5144968678809518,0.6325282071503964,0.6201592741048562,22.0,21.822,0.308536644209533,138,136,((m*(-(((((z)**(-1))/(-(z)/z))*z))/(z*-(((((((z)**(0.5)))**(-1)))**(2))))))-m),(sin((((((-((((z*-(z)))**(0.5)))*(z/-(((z)**(2)))))-1.0))**(2))-1.0))*m),[sub mul m div neg mul div inv z div neg z z z mul z neg n2 inv sqrt z m],[mul sin sub n2 sub mul neg sqrt mul z neg z div z neg n2 z 1.0 1.0 m],[  1.         -51.43835005],[   1.         -123.22622397]
91,0.07217609036710078,0.5212378878943972,0.6325282071503964,0.6201592741048562,19.0,21.691,0.45716152178962616,147,144,((m*-(((-((((((z)**(0.5))/(z*z))*z)/((((z)**(-1)))**(0.5)))))**(-1))))+m),(sin((((((-((((z*-(z)))**(0.5)))*(z/-(((z)**(2)))))-1.0))**(2))-1.0))*m),[add mul m neg inv neg div mul div sqrt z mul z z z sqrt inv z m],[mul sin sub n2 sub mul neg sqrt mul z neg z div z neg n2 z 1.0 1.0 m],[ 1.         51.43835005],[   1.         -123.22622397]
92,0.07821797914938347,0.5291609098540264,0.6375187371973566,0.6375187371973566,21.0,21.6,0.6734934890029707,157,155,(m+((1.0*z)/((((-(((-((((((((z*((-(((((m)**(2)))**(-1))))**(0.5))))**(2)))**(-1)))**(0.5))))**(2))))**(0.5)))**(-1)))),(m+((1.0*z)/((((-(((-((((((((z*((-(((((m)**(2)))**(-1))))**(0.5))))**(2)))**(-1)))**(0.5))))**(2))))**(0.5)))**(-1)))),"[add m div mul 1.0 z inv sqrt neg n2 neg sqrt inv n2 mul z sqrt neg inv n2
 m]","[add m div mul 1.0 z inv sqrt neg n2 neg sqrt inv n2 mul z sqrt neg inv n2
 m]",[ 1.         55.95538168],[ 1.         55.95538168]
93,0.06799795417661579,0.5192033108158491,0.6375187371973566,0.6201592741048562,19.0,21.62,0.439239129525459,139,136,((((-((z*(((((z/(((z)**(0.5))/((z)**(0.5)))))**(-1)))**(0.5)))))**(2))+z)/(z/m)),(m+((1.0*z)/((((-(((-((((((((z*((-(((((m)**(2)))**(-1))))**(0.5))))**(2)))**(-1)))**(0.5))))**(2))))**(0.5)))**(-1)))),[div add n2 neg mul z sqrt inv div z div sqrt z sqrt z z div z m],"[add m div mul 1.0 z inv sqrt neg n2 neg sqrt inv n2 mul z sqrt neg inv n2
 m]",[ 1.         51.43835005],[ 1.         55.95538168]
94,0.07071122417520026,0.5272731610906323,0.6375187371973566,0.6201592741048562,21.0,21.654,0.6435579221651533,141,140,(m+(((z*(-(((((-(z))**(0.5)))**(-1)))*-((((z*(((((z/((m)**(-1))))**(-1)))**(2))))**(0.5))))))**(-1))),(m+((1.0*z)/((((-(((-((((((((z*((-(((((m)**(2)))**(-1))))**(0.5))))**(2)))**(-1)))**(0.5))))**(2))))**(0.5)))**(-1)))),[add m inv mul z mul neg inv sqrt neg z neg sqrt mul z n2 inv div z inv m],"[add m div mul 1.0 z inv sqrt neg n2 neg sqrt inv n2 mul z sqrt neg inv n2
 m]",[ 1.         51.43835005],[ 1.         55.95538168]
95,0.07791524601742321,0.528066687234016,0.6375187371973566,0.6283961877382827,16.0,21.406,0.6519394434961777,158,155,(-(m)+(exp((((z)**(-1))/((-((((z/((z)**(-1))))**(-1))))**(0.5))))*m)),(m+((1.0*z)/((((-(((-((((((((z*((-(((((m)**(2)))**(-1))))**(0.5))))**(2)))**(-1)))**(0.5))))**(2))))**(0.5)))**(-1)))),[add neg m mul exp div inv z sqrt neg inv div z inv z m],"[add m div mul 1.0 z inv sqrt neg n2 neg sqrt inv n2 mul z sqrt neg inv n2
 m]",[ 1.         57.45907868],[ 1.         55.95538168]
96,0.07539683993658647,0.5370691779466938,0.6375187371973566,0.6201592741048562,17.0,21.389,0.818914863581486,150,148,(m+(((z/(m*(((((((((z)**(-1))/(((z/z))**(-1))))**(2)))**(-1)))**(0.5)))))**(-1))),(m+((1.0*z)/((((-(((-((((((((z*((-(((((m)**(2)))**(-1))))**(0.5))))**(2)))**(-1)))**(0.5))))**(2))))**(0.5)))**(-1)))),[add m inv div z mul m sqrt inv n2 div inv z inv div z z],"[add m div mul 1.0 z inv sqrt neg n2 neg sqrt inv n2 mul z sqrt neg inv n2
 m]",[ 1.         51.43835005],[ 1.         55.95538168]
97,0.07320105639834014,0.5406925561564675,0.6375187371973566,0.6201592741048562,14.0,21.417,0.9422925955706459,146,144,((m/1.0)+(m*(((((z)**(-1))/((((((z)**(0.5)))**(-1)))**(2))))**(-1)))),(m+((1.0*z)/((((-(((-((((((((z*((-(((((m)**(2)))**(-1))))**(0.5))))**(2)))**(-1)))**(0.5))))**(2))))**(0.5)))**(-1)))),[add div m 1.0 mul m inv div inv z n2 inv sqrt z],"[add m div mul 1.0 z inv sqrt neg n2 neg sqrt inv n2 mul z sqrt neg inv n2
 m]",[ 1.         51.43835005],[ 1.         55.95538168]
98,0.08227745852149589,0.5458426631632841,0.6375187371973566,0.6208097758659424,21.0,21.361,1.0413929457172415,163,161,(m-((exp((((((-(z))**(0.5))/((z)**(0.5))))**(0.5)))*-(z))*(((((((z*((m)**(-1))))**(0.5)))**(-1)))**(2)))),(m+((1.0*z)/((((-(((-((((((((z*((-(((((m)**(2)))**(-1))))**(0.5))))**(2)))**(-1)))**(0.5))))**(2))))**(0.5)))**(-1)))),"[sub m mul mul exp sqrt div sqrt neg z sqrt z neg z n2 inv sqrt mul z inv
 m]","[add m div mul 1.0 z inv sqrt neg n2 neg sqrt inv n2 mul z sqrt neg inv n2
 m]",[ 1.         25.47774576],[ 1.         55.95538168]
99,0.06555853120086799,0.5340633887484462,0.6375187371973566,0.6201592741048562,19.0,21.487,0.8783408503594902,130,129,(sin(((z*(((-((((((z*z))**(0.5)))**(0.5)))/-(((((z)**(0.5)))**(-1)))))**(-1)))+1.0))*m),(m+((1.0*z)/((((-(((-((((((((z*((-(((((m)**(2)))**(-1))))**(0.5))))**(2)))**(-1)))**(0.5))))**(2))))**(0.5)))**(-1)))),[mul sin add mul z inv div neg sqrt sqrt mul z z neg inv sqrt z 1.0 m],"[add m div mul 1.0 z inv sqrt neg n2 neg sqrt inv n2 mul z sqrt neg inv n2
 m]",[  1.         113.13866845],[ 1.         55.95538168]
100,0.08343690263812403,0.5516739874739081,0.6375187371973566,0.6201592741048562,18.0,21.306,1.2129470154988655,165,163,(((m*z)/((((((z)**(-1))/(((z)**(0.5))*((z)**(-1)))))**(-1))*((z)**(0.5))))+m),(m+((1.0*z)/((((-(((-((((((((z*((-(((((m)**(2)))**(-1))))**(0.5))))**(2)))**(-1)))**(0.5))))**(2))))**(0.5)))**(-1)))),[add div mul m z mul inv div inv z mul sqrt z inv z sqrt z m],"[add m div mul 1.0 z inv sqrt neg n2 neg sqrt inv n2 mul z sqrt neg inv n2
 m]",[ 1.         51.43835005],[ 1.         55.95538168]
101,0.07168512334317857,0.5284915641086265,0.6375187371973566,0.6316523595910151,18.0,21.407,0.6501487637471078,142,142,(cos(exp((((-(((z/((z)**(0.5)))*(((z/((z)**(2))))**(0.5))))+1.0))**(-1))))*m),(m+((1.0*z)/((((-(((-((((((((z*((-(((((m)**(2)))**(-1))))**(0.5))))**(2)))**(-1)))**(0.5))))**(2))))**(0.5)))**(-1)))),[mul cos exp inv add neg mul div z sqrt z sqrt div z n2 z 1.0 m],"[add m div mul 1.0 z inv sqrt neg n2 neg sqrt inv n2 mul z sqrt neg inv n2
 m]",[  1.         192.25161421],[ 1.         55.95538168]
102,0.0963371619084646,0.5436806932581333,0.6375187371973566,0.6201592741048562,19.0,21.057,0.9809510449657671,190,189,(((m*(((((((((z)**(0.5))/z))**(2))/z)*z)*z)-1.0))+m)+m),(m+((1.0*z)/((((-(((-((((((((z*((-(((((m)**(2)))**(-1))))**(0.5))))**(2)))**(-1)))**(0.5))))**(2))))**(0.5)))**(-1)))),[add add mul m sub mul mul div n2 div sqrt z z z z z 1.0 m m],"[add m div mul 1.0 z inv sqrt neg n2 neg sqrt inv n2 mul z sqrt neg inv n2
 m]",[ 1.         51.43835005],[ 1.         55.95538168]
103,0.07796958741376796,0.5353377682094796,0.6375187371973566,0.6201592741048562,10.0,21.498,0.7570125178605235,153,153,(m+(m/(z*((((((z)**(0.5)))**(-1)))**(2))))),(m+((1.0*z)/((((-(((-((((((((z*((-(((((m)**(2)))**(-1))))**(0.5))))**(2)))**(-1)))**(0.5))))**(2))))**(0.5)))**(-1)))),[add m div m mul z n2 inv sqrt z],"[add m div mul 1.0 z inv sqrt neg n2 neg sqrt inv n2 mul z sqrt neg inv n2
 m]",[ 1.         51.43835005],[ 1.         55.95538168]
104,0.07323936419220013,0.54201842004059,0.6375187371973566,0.6280073525325577,19.0,21.53,1.0142710480875774,145,143,(m+(z/((z*((z)**(-1)))*(((((m/(z*-((z/m)))))**(-1)))**(0.5))))),(m+((1.0*z)/((((-(((-((((((((z*((-(((((m)**(2)))**(-1))))**(0.5))))**(2)))**(-1)))**(0.5))))**(2))))**(0.5)))**(-1)))),[add m div z mul mul z inv z sqrt inv div m mul z neg div z m],"[add m div mul 1.0 z inv sqrt neg n2 neg sqrt inv n2 mul z sqrt neg inv n2
 m]",[ 1.         51.86354923],[ 1.         55.95538168]
105,0.08447062106399987,0.5427691779748097,0.6375187371973566,0.6201592741048562,14.0,21.174,1.0222376955130474,166,166,(m+(m*(z/(((((1.0/((((((z)**(0.5)))**(-1)))**(0.5))))**(2)))**(2))))),(m+((1.0*z)/((((-(((-((((((((z*((-(((((m)**(2)))**(-1))))**(0.5))))**(2)))**(-1)))**(0.5))))**(2))))**(0.5)))**(-1)))),[add m mul m div z n2 n2 div 1.0 sqrt inv sqrt z],"[add m div mul 1.0 z inv sqrt neg n2 neg sqrt inv n2 mul z sqrt neg inv n2
 m]",[ 1.         51.43835005],[ 1.         55.95538168]
106,0.08204792194428334,0.5417733088983825,0.6375187371973566,0.6282410589251978,16.0,21.298,0.9311473822547222,165,161,-(((m*((sin((z*(((((((z)**(0.5))/((1.0)**(0.5))))**(2)))**(-1)))))**(-1)))+m)),(m+((1.0*z)/((((-(((-((((((((z*((-(((((m)**(2)))**(-1))))**(0.5))))**(2)))**(-1)))**(0.5))))**(2))))**(0.5)))**(-1)))),[neg add mul m inv sin mul z inv n2 div sqrt z sqrt 1.0 m],"[add m div mul 1.0 z inv sqrt neg n2 neg sqrt inv n2 mul z sqrt neg inv n2
 m]",[  1.         -47.48414997],[ 1.         55.95538168]
107,0.09011192957416297,0.5451606796814898,0.6375187371973566,0.6201592741048562,17.0,21.231,0.9999641302836401,179,177,(((((((((((z)**(-1))/-(z)))**(-1)))**(0.5))/(z/z))/z)*m)+m),(m+((1.0*z)/((((-(((-((((((((z*((-(((((m)**(2)))**(-1))))**(0.5))))**(2)))**(-1)))**(0.5))))**(2))))**(0.5)))**(-1)))),[add mul div div sqrt inv div inv z neg z div z z z m m],"[add m div mul 1.0 z inv sqrt neg n2 neg sqrt inv n2 mul z sqrt neg inv n2
 m]",[ 1.         51.43835005],[ 1.         55.95538168]
108,0.07168339439329866,0.5411718828053056,0.6375187371973566,0.6201592741048562,17.0,21.477,0.8678980683255991,142,140,(((m/(((((((((z)**(-1)))**(2)))**(-1)))**(0.5))*z))/(((z/((z)**(-1))))**(-1)))+m),(m+((1.0*z)/((((-(((-((((((((z*((-(((((m)**(2)))**(-1))))**(0.5))))**(2)))**(-1)))**(0.5))))**(2))))**(0.5)))**(-1)))),[add div div m mul sqrt inv n2 inv z z inv div z inv z m],"[add m div mul 1.0 z inv sqrt neg n2 neg sqrt inv n2 mul z sqrt neg inv n2
 m]",[ 1.         51.43835005],[ 1.         55.95538168]
109,0.07871411379010698,0.5625775807451755,0.6375187371973566,0.6373660024055082,21.0,21.302,1.3723558153685027,153,152,(m+(((((z/-(((z)**(-1))))*z)/z)/z)*-((((((((z/m))**(2)))**(-1)))**(0.5))))),(m+((1.0*z)/((((-(((-((((((((z*((-(((((m)**(2)))**(-1))))**(0.5))))**(2)))**(-1)))**(0.5))))**(2))))**(0.5)))**(-1)))),[add m mul div div mul div z neg inv z z z z neg sqrt inv n2 div z m],"[add m div mul 1.0 z inv sqrt neg n2 neg sqrt inv n2 mul z sqrt neg inv n2
 m]",[ 1.         56.03871501],[ 1.         55.95538168]
110,0.07828256698296407,0.5315699688362961,0.6375187371973566,0.6201592741048562,17.0,21.266,0.6077131223909779,155,154,((m*(((((z)**(-1))/((((((z)**(-1))/z))**(0.5))/(z/z))))**(-1)))+m),(m+((1.0*z)/((((-(((-((((((((z*((-(((((m)**(2)))**(-1))))**(0.5))))**(2)))**(-1)))**(0.5))))**(2))))**(0.5)))**(-1)))),[add mul m inv div inv z div sqrt div inv z z div z z m],"[add m div mul 1.0 z inv sqrt neg n2 neg sqrt inv n2 mul z sqrt neg inv n2
 m]",[ 1.         51.43835005],[ 1.         55.95538168]
111,0.07774700735552605,0.553487496783058,0.6375187371973566,0.6201592741048562,22.0,21.283,1.1415653765104445,151,151,((m*1.0)+((((((((((((z/z)/z))**(2)))**(-1)))**(0.5)))**(-1))*z)/(z/(z/((m)**(-1)))))),(m+((1.0*z)/((((-(((-((((((((z*((-(((((m)**(2)))**(-1))))**(0.5))))**(2)))**(-1)))**(0.5))))**(2))))**(0.5)))**(-1)))),[add mul m 1.0 div mul inv sqrt inv n2 div div z z z z div z div z inv m],"[add m div mul 1.0 z inv sqrt neg n2 neg sqrt inv n2 mul z sqrt neg inv n2
 m]",[ 1.         51.43835005],[ 1.         55.95538168]
112,0.08000684894357088,0.5423823317462191,0.6375187371973566,0.6208097758659424,18.0,21.046,0.9033819357581627,156,156,(((exp(((1.0)**(2)))*z)/(((((z)**(0.5))/(((z/(z/m)))**(0.5))))**(2)))+m),(m+((1.0*z)/((((-(((-((((((((z*((-(((((m)**(2)))**(-1))))**(0.5))))**(2)))**(-1)))**(0.5))))**(2))))**(0.5)))**(-1)))),[add div mul exp n2 1.0 z n2 div sqrt z sqrt div z div z m m],"[add m div mul 1.0 z inv sqrt neg n2 neg sqrt inv n2 mul z sqrt neg inv n2
 m]",[ 1.         25.47774576],[ 1.         55.95538168]
113,0.0836981132871588,0.5494620277639077,0.6375187371973566,0.6374562839368868,22.0,21.064,1.0596889867608257,163,163,(((z/((((z)**(0.5)))**(-1)))*((((((z/z))**(-1))*(((z/(((((z/m))**(-1)))**(2))))**(-1))))**(0.5)))+m),(m+((1.0*z)/((((-(((-((((((((z*((-(((((m)**(2)))**(-1))))**(0.5))))**(2)))**(-1)))**(0.5))))**(2))))**(0.5)))**(-1)))),[add mul div z inv sqrt z sqrt mul inv div z z inv div z n2 inv div z m m],"[add m div mul 1.0 z inv sqrt neg n2 neg sqrt inv n2 mul z sqrt neg inv n2
 m]",[ 1.         53.59012464],[ 1.         55.95538168]
114,0.0886601064354921,0.5380134711998654,0.6375187371973566,0.6021485488363668,17.0,20.98,0.7209097270625913,175,174,(exp((((((((((((z)**(-1)))**(2)))**(-1))/(((z/z))**(-1))))**(0.5))/z)*1.0))*m),(m+((1.0*z)/((((-(((-((((((((z*((-(((((m)**(2)))**(-1))))**(0.5))))**(2)))**(-1)))**(0.5))))**(2))))**(0.5)))**(-1)))),[mul exp mul div sqrt div inv n2 inv z inv div z z z 1.0 m],"[add m div mul 1.0 z inv sqrt neg n2 neg sqrt inv n2 mul z sqrt neg inv n2
 m]",[ 1.         36.30050884],[ 1.         55.95538168]
115,0.07642181712058325,0.5379418728391236,0.6375187371973566,0.6051016527871804,23.0,21.122,0.7231499193536933,149,149,(exp(((((((z/((z/z)/((z)**(0.5)))))**(-1))/((-((z/(((z/((z)**(-1))))**(2)))))**(0.5))))**(-1)))*m),(m+((1.0*z)/((((-(((-((((((((z*((-(((((m)**(2)))**(-1))))**(0.5))))**(2)))**(-1)))**(0.5))))**(2))))**(0.5)))**(-1)))),"[mul exp inv div inv div z div div z z sqrt z sqrt neg div z n2 div z inv
 z m]","[add m div mul 1.0 z inv sqrt neg n2 neg sqrt inv n2 mul z sqrt neg inv n2
 m]",[ 1.         36.44707713],[ 1.         55.95538168]
116,0.08483491928663354,0.5590246824673161,0.6375187371973566,0.6373660024055082,16.0,20.999,1.1848858545018326,164,164,(m+(((((((z/z))**(2))/z))**(-1))*(((((((z/m))**(2)))**(-1)))**(0.5)))),(m+((1.0*z)/((((-(((-((((((((z*((-(((((m)**(2)))**(-1))))**(0.5))))**(2)))**(-1)))**(0.5))))**(2))))**(0.5)))**(-1)))),[add m mul inv div n2 div z z z sqrt inv n2 div z m],"[add m div mul 1.0 z inv sqrt neg n2 neg sqrt inv n2 mul z sqrt neg inv n2
 m]",[ 1.         56.03871501],[ 1.         55.95538168]
117,0.09402600238996604,0.5639095534777553,0.6375187371973566,0.6201592741048562,20.0,20.857,1.2683189383039772,182,182,(m*(((-((((z/z))**(0.5))))**(0.5))+(((z)**(0.5))/(z*((-(((((((z)**(0.5)))**(0.5)))**(-1))))**(2)))))),(m+((1.0*z)/((((-(((-((((((((z*((-(((((m)**(2)))**(-1))))**(0.5))))**(2)))**(-1)))**(0.5))))**(2))))**(0.5)))**(-1)))),[mul m add sqrt neg sqrt div z z div sqrt z mul z n2 neg inv sqrt sqrt z],"[add m div mul 1.0 z inv sqrt neg n2 neg sqrt inv n2 mul z sqrt neg inv n2
 m]",[ 1.         51.43835005],[ 1.         55.95538168]
118,0.09688783830189515,0.5565706854684379,0.6375187371973566,0.6201592741048562,21.0,20.83,1.081321389453152,188,188,(m+(m/(((z/(((((((((z)**(0.5))/(((z/(((z/((z)**(2))))**(0.5))))**(-1))))**(-1)))**(0.5)))**(-1))))**(-1)))),(m+((1.0*z)/((((-(((-((((((((z*((-(((((m)**(2)))**(-1))))**(0.5))))**(2)))**(-1)))**(0.5))))**(2))))**(0.5)))**(-1)))),[add m div m inv div z inv sqrt inv div sqrt z inv div z sqrt div z n2 z],"[add m div mul 1.0 z inv sqrt neg n2 neg sqrt inv n2 mul z sqrt neg inv n2
 m]",[ 1.         51.43835005],[ 1.         55.95538168]
119,0.10192754470597444,0.5613140493494218,0.6375187371973566,0.6201592741048562,16.0,20.629,1.2038008784590821,198,198,(m+(((z/((((((((z)**(-1))/z))**(0.5))/z))**(-1)))*z)*m)),(m+((1.0*z)/((((-(((-((((((((z*((-(((((m)**(2)))**(-1))))**(0.5))))**(2)))**(-1)))**(0.5))))**(2))))**(0.5)))**(-1)))),[add m mul mul div z inv div sqrt div inv z z z z m],"[add m div mul 1.0 z inv sqrt neg n2 neg sqrt inv n2 mul z sqrt neg inv n2
 m]",[ 1.         51.43835005],[ 1.         55.95538168]
120,0.10144181981560066,0.5602340722752909,0.6375187371973566,0.6282410589251978,18.0,20.65,1.073587493342879,199,197,((m*(((z/((((z)**(0.5))/sin((z/z)))/((((z)**(0.5)))**(-1)))))**(-1)))+m),(m+((1.0*z)/((((-(((-((((((((z*((-(((((m)**(2)))**(-1))))**(0.5))))**(2)))**(-1)))**(0.5))))**(2))))**(0.5)))**(-1)))),[add mul m inv div z div div sqrt z sin div z z inv sqrt z m],"[add m div mul 1.0 z inv sqrt neg n2 neg sqrt inv n2 mul z sqrt neg inv n2
 m]",[ 1.         47.48414997],[ 1.         55.95538168]
121,0.11736205880177147,0.5756064841724737,0.6375187371973566,0.6282410589251978,19.0,20.484,0.19710929654541878,227,227,((m*(((((sin((((z)**(0.5))/(z/((z)**(0.5)))))/z)*z)/1.0))**(-1)))+m),(m+((1.0*z)/((((-(((-((((((((z*((-(((((m)**(2)))**(-1))))**(0.5))))**(2)))**(-1)))**(0.5))))**(2))))**(0.5)))**(-1)))),[add mul m inv div mul div sin div sqrt z div z sqrt z z z 1.0 m],"[add m div mul 1.0 z inv sqrt neg n2 neg sqrt inv n2 mul z sqrt neg inv n2
 m]",[ 1.         47.48414997],[ 1.         55.95538168]
122,0.12395784112511021,0.5798387849086182,0.6375187371973566,0.6201592741048562,16.0,20.226,0.3259284478410876,239,239,((m*(((((z/(((((z*z))**(0.5)))**(-1)))/z)/z))**(-1)))+m),(m+((1.0*z)/((((-(((-((((((((z*((-(((((m)**(2)))**(-1))))**(0.5))))**(2)))**(-1)))**(0.5))))**(2))))**(0.5)))**(-1)))),[add mul m inv div div div z inv sqrt mul z z z z m],"[add m div mul 1.0 z inv sqrt neg n2 neg sqrt inv n2 mul z sqrt neg inv n2
 m]",[ 1.         51.43835005],[ 1.         55.95538168]
123,0.12429767401699729,0.5727212355525325,0.6375187371973566,0.6201592741048562,17.0,20.14,1.4242700082587783,241,241,(m+(m*((((z/z))**(-1))/(((z/((((((((z)**(-1)))**(0.5)))**(-1)))**(2))))**(-1))))),(m+((1.0*z)/((((-(((-((((((((z*((-(((((m)**(2)))**(-1))))**(0.5))))**(2)))**(-1)))**(0.5))))**(2))))**(0.5)))**(-1)))),[add m mul m div inv div z z inv div z n2 inv sqrt inv z],"[add m div mul 1.0 z inv sqrt neg n2 neg sqrt inv n2 mul z sqrt neg inv n2
 m]",[ 1.         51.43835005],[ 1.         55.95538168]
124,0.1143844650292377,0.5752610468523716,0.6375187371973566,0.6201592741048562,22.0,20.17,0.17360480751728802,221,221,(m+(m/(((((((((z/z))**(0.5))/z))**(-1))/z)/z)/(((((z/((z)**(0.5))))**(-1)))**(2))))),(m+((1.0*z)/((((-(((-((((((((z*((-(((((m)**(2)))**(-1))))**(0.5))))**(2)))**(-1)))**(0.5))))**(2))))**(0.5)))**(-1)))),[add m div m div div div inv div sqrt div z z z z z n2 inv div z sqrt z],"[add m div mul 1.0 z inv sqrt neg n2 neg sqrt inv n2 mul z sqrt neg inv n2
 m]",[ 1.         51.43835005],[ 1.         55.95538168]
125,0.1222811950101937,0.5653908426532632,0.6375187371973566,0.6201592741048562,19.0,20.172,1.1982862330392388,240,238,((1.0*m)+((((z/z))**(0.5))/((((((z)**(0.5))/z))**(2))/(((z/m))**(-1))))),(m+((1.0*z)/((((-(((-((((((((z*((-(((((m)**(2)))**(-1))))**(0.5))))**(2)))**(-1)))**(0.5))))**(2))))**(0.5)))**(-1)))),[add mul 1.0 m div sqrt div z z div n2 div sqrt z z inv div z m],"[add m div mul 1.0 z inv sqrt neg n2 neg sqrt inv n2 mul z sqrt neg inv n2
 m]",[ 1.         51.43835005],[ 1.         55.95538168]
126,0.1198864858432422,0.5833802134618093,0.6375187371973566,0.6346581596477013,22.0,20.189,0.3594030855532696,232,231,(m+((((((((((z)**(-1)))**(2)))**(2))/((-(z))**(-1))))**(-1))*-((((((z/(((((z/m))**(-1)))**(0.5))))**(2)))**(-1))))),(m+((1.0*z)/((((-(((-((((((((z*((-(((((m)**(2)))**(-1))))**(0.5))))**(2)))**(-1)))**(0.5))))**(2))))**(0.5)))**(-1)))),[add m mul inv div n2 n2 inv z inv neg z neg inv n2 div z sqrt inv div z m],"[add m div mul 1.0 z inv sqrt neg n2 neg sqrt inv n2 mul z sqrt neg inv n2
 m]",[ 1.         52.14762251],[ 1.         55.95538168]
127,0.11717855632855045,0.5628158495677382,0.6375187371973566,0.6201592741048562,18.0,20.273,1.1115354618580822,229,228,((m*(z/((((((((((z/z))**(0.5))/z)/z)/1.0))**(-1)))**(0.5))))+m),(m+((1.0*z)/((((-(((-((((((((z*((-(((((m)**(2)))**(-1))))**(0.5))))**(2)))**(-1)))**(0.5))))**(2))))**(0.5)))**(-1)))),[add mul m div z sqrt inv div div div sqrt div z z z z 1.0 m],"[add m div mul 1.0 z inv sqrt neg n2 neg sqrt inv n2 mul z sqrt neg inv n2
 m]",[ 1.         51.43835005],[ 1.         55.95538168]
128,0.13844142698734496,0.5838937105214919,0.6375187371973566,0.6312517045579715,20.0,19.947,0.3563925724914656,267,266,(exp((z/((((((1.0/z)/z))**(0.5)))**(-1))))*(z/(((((((((z/m))**(-1)))**(0.5)))**(-1)))**(2)))),(m+((1.0*z)/((((-(((-((((((((z*((-(((((m)**(2)))**(-1))))**(0.5))))**(2)))**(-1)))**(0.5))))**(2))))**(0.5)))**(-1)))),[mul exp div z inv sqrt div div 1.0 z z div z n2 inv sqrt inv div z m],"[add m div mul 1.0 z inv sqrt neg n2 neg sqrt inv n2 mul z sqrt neg inv n2
 m]",[ 1.        38.2291102],[ 1.         55.95538168]
129,0.1373065011744434,0.5902447001058665,0.6375187371973566,0.6361223282759723,20.0,19.833,0.45230145141514644,265,265,((m*exp((z/(((((((((z)**(-1))*(1.0/(z/((((z)**(-1)))**(2))))))**(0.5)))**(-1)))**(0.5)))))-m),(m+((1.0*z)/((((-(((-((((((((z*((-(((((m)**(2)))**(-1))))**(0.5))))**(2)))**(-1)))**(0.5))))**(2))))**(0.5)))**(-1)))),[sub mul m exp div z sqrt inv sqrt mul inv z div 1.0 div z n2 inv z m],"[add m div mul 1.0 z inv sqrt neg n2 neg sqrt inv n2 mul z sqrt neg inv n2
 m]",[ 1.         58.25252917],[ 1.         55.95538168]
130,0.14776733938019473,0.5969568596936847,0.6375187371973566,0.6373660024055082,17.0,19.909,0.5905138499604898,283,283,(m+(z*(((((((((((z/z)/z)/(1.0/m)))**(-1)))**(2)))**(-1)))**(0.5)))),(m+((1.0*z)/((((-(((-((((((((z*((-(((((m)**(2)))**(-1))))**(0.5))))**(2)))**(-1)))**(0.5))))**(2))))**(0.5)))**(-1)))),[add m mul z sqrt inv n2 inv div div div z z z div 1.0 m],"[add m div mul 1.0 z inv sqrt neg n2 neg sqrt inv n2 mul z sqrt neg inv n2
 m]",[ 1.         56.03871501],[ 1.         55.95538168]
131,0.14409860750599518,0.5945277796511498,0.6375187371973566,0.6201592741048562,12.0,19.958,0.5411425084368051,278,277,(m+(m*(((z)**(-1))*((((((((z)**(-1)))**(2)))**(-1)))**(0.5))))),(m+((1.0*z)/((((-(((-((((((((z*((-(((((m)**(2)))**(-1))))**(0.5))))**(2)))**(-1)))**(0.5))))**(2))))**(0.5)))**(-1)))),[add m mul m mul inv z sqrt inv n2 inv z],"[add m div mul 1.0 z inv sqrt neg n2 neg sqrt inv n2 mul z sqrt neg inv n2
 m]",[ 1.         51.43835005],[ 1.         55.95538168]
132,0.15472265823691936,0.6027501125606374,0.6510502214958998,0.6510502214958998,18.0,19.661,0.625292355365603,297,297,(((m+m)*(((((z)**(-1))/(((z*(((z*((z)**(2))))**(-1))))**(0.5))))**(-1)))+m),(((m+m)*(((((z)**(-1))/(((z*(((z*((z)**(2))))**(-1))))**(0.5))))**(-1)))+m),[add mul add m m inv div inv z sqrt mul z inv mul z n2 z m],[add mul add m m inv div inv z sqrt mul z inv mul z n2 z m],[ 1.         33.77718902],[ 1.         33.77718902]
133,0.147618385761565,0.5967151560082885,0.6510502214958998,0.6326235997156625,23.0,19.902,0.5457025038507664,285,285,((m+(z*(((((sin(1.0)/(((((((z)**(-1))/((((-((z/((m)**(0.5)))))**(-1)))**(2))))**(-1)))**(0.5))))**(2)))**(-1))))/1.0),(((m+m)*(((((z)**(-1))/(((z*(((z*((z)**(2))))**(-1))))**(0.5))))**(-1)))+m),"[div add m mul z inv n2 div sin 1.0 sqrt inv div inv z n2 inv neg div z
 sqrt m 1.0]",[add mul add m m inv div inv z sqrt mul z inv mul z n2 z m],[ 1.        42.9714466],[ 1.         33.77718902]
134,0.1589431099361907,0.5973218466352128,0.6510502214958998,0.6201592741048562,12.0,19.559,0.5189312361511195,307,306,((m*(((z/((((((((z)**(-1)))**(2)))**(-1)))**(0.5))))**(-1)))+m),(((m+m)*(((((z)**(-1))/(((z*(((z*((z)**(2))))**(-1))))**(0.5))))**(-1)))+m),[add mul m inv div z sqrt inv n2 inv z m],[add mul add m m inv div inv z sqrt mul z inv mul z n2 z m],[ 1.         51.43835005],[ 1.         33.77718902]
135,0.17383297809850484,0.6031573956366255,0.6510502214958998,0.6283961877382825,22.0,19.532,0.6310291651632638,334,334,(m+(exp((((z)**(-1))/(((((z/((((((z)**(2)))**(-1)))**(0.5))))**(-1)))**(0.5))))*(z*-((((z/m))**(-1)))))),(((m+m)*(((((z)**(-1))/(((z*(((z*((z)**(2))))**(-1))))**(0.5))))**(-1)))+m),"[add m mul exp div inv z sqrt inv div z sqrt inv n2 z mul z neg inv div z
 m]",[add mul add m m inv div inv z sqrt mul z inv mul z n2 z m],[  1.         -57.45907868],[ 1.         33.77718902]
136,0.1549771807012662,0.5964498072745477,0.6510502214958998,0.6402186716106538,19.0,19.785,0.4711882728589981,300,299,(exp((((z)**(-1))*((((((((z)**(2)))**(-1)))**(0.5)))**(-1))))*(z/(((((((((z/m))**(2)))**(-1)))**(0.5)))**(-1)))),(((m+m)*(((((z)**(-1))/(((z*(((z*((z)**(2))))**(-1))))**(0.5))))**(-1)))+m),[mul exp mul inv z inv sqrt inv n2 z div z inv sqrt inv n2 div z m],[add mul add m m inv div inv z sqrt mul z inv mul z n2 z m],[ 1.         40.22248059],[ 1.         33.77718902]
137,0.16479487217905853,0.6064196955641075,0.6510502214958998,0.6458808999615469,20.0,19.511,0.06384806742322702,314,314,(((z+z)*((((((((z)**(0.5))/z)/(((((((z/((m)**(0.5))))**(2)))**(-1)))**(0.5))))**(-1)))**(2)))+m),(((m+m)*(((((z)**(-1))/(((z*(((z*((z)**(2))))**(-1))))**(0.5))))**(-1)))+m),[add mul add z z n2 inv div div sqrt z z sqrt inv n2 div z sqrt m m],[add mul add m m inv div inv z sqrt mul z inv mul z n2 z m],[ 1.         34.05899028],[ 1.         33.77718902]
138,0.1682845321255518,0.6037796465291667,0.6510502214958998,0.6303179586401161,21.0,19.412,0.6072135912227372,322,322,(m+(m*(z/(((((((((z/(z*(((((1.0/((((z)**(2)))**(-1))))**(-1)))**(2)))))**(-1)))**(0.5)))**(0.5)))**(-1))))),(((m+m)*(((((z)**(-1))/(((z*(((z*((z)**(2))))**(-1))))**(0.5))))**(-1)))+m),[add m mul m div z inv sqrt sqrt inv div z mul z n2 inv div 1.0 inv n2 z],[add mul add m m inv div inv z sqrt mul z inv mul z n2 z m],[ 1.         51.34603621],[ 1.         33.77718902]
139,0.15703885933978204,0.6062638432543611,0.6510502214958998,0.6303179586401161,15.0,19.559,0.6228366594344842,302,300,(m+(m*(z/(((((((((((z/((z)**(-1))))**(2)))**(-1)))**(0.5)))**(-1)))**(0.5))))),(((m+m)*(((((z)**(-1))/(((z*(((z*((z)**(2))))**(-1))))**(0.5))))**(-1)))+m),[add m mul m div z sqrt inv sqrt inv n2 div z inv z],[add mul add m m inv div inv z sqrt mul z inv mul z n2 z m],[ 1.         51.34603621],[ 1.         33.77718902]
140,0.16187965477090466,0.6065537616978603,0.6510502214958998,0.6303179586401161,15.0,19.46,0.05466308790102171,308,308,(m+(m*(z/((((((((((((((((z)**(-1)))**(2)))**(-1)))**(2)))**(-1)))**(0.5)))**(-1)))**(0.5))))),(((m+m)*(((((z)**(-1))/(((z*(((z*((z)**(2))))**(-1))))**(0.5))))**(-1)))+m),[add m mul m div z sqrt inv sqrt inv n2 inv n2 inv z],[add mul add m m inv div inv z sqrt mul z inv mul z n2 z m],[ 1.         51.34603621],[ 1.         33.77718902]
141,0.1627964490874325,0.6068895075444051,0.6510502214958998,0.6373660024055082,20.0,19.568,0.05274047959137214,309,309,(m+((z*(((z)**(-1))/((z)**(-1))))*(((((((((((((((z/m))**(0.5)))**(-1)))**(2)))**(-1)))**(2)))**(-1)))**(0.5)))),(((m+m)*(((((z)**(-1))/(((z*(((z*((z)**(2))))**(-1))))**(0.5))))**(-1)))+m),[add m mul mul z div inv z inv z sqrt inv n2 inv n2 inv sqrt div z m],[add mul add m m inv div inv z sqrt mul z inv mul z n2 z m],[ 1.         56.03871501],[ 1.         33.77718902]
142,0.18262979188823317,0.6086338088016064,0.6510502214958998,0.6374562839368868,19.0,19.193,0.09335892618565658,347,347,(m+((z/((((z)**(-1)))**(0.5)))*(((z*(((((z/(((z/m))**(-1))))**(2)))**(-1))))**(0.5)))),(((m+m)*(((((z)**(-1))/(((z*(((z*((z)**(2))))**(-1))))**(0.5))))**(-1)))+m),[add m mul div z sqrt inv z sqrt mul z inv n2 div z inv div z m],[add mul add m m inv div inv z sqrt mul z inv mul z n2 z m],[ 1.         53.59012464],[ 1.         33.77718902]
143,0.15550205099389297,0.6041823760414776,0.6510502214958998,0.6201592741048562,16.0,19.598,0.2603028939171031,298,296,(m+(((z*(((((((((z)**(2)))**(2))*(((((z/m))**(-1)))**(2))))**(0.5)))**(-1))))**(-1))),(((m+m)*(((((z)**(-1))/(((z*(((z*((z)**(2))))**(-1))))**(0.5))))**(-1)))+m),[add m inv mul z inv sqrt mul n2 n2 z n2 inv div z m],[add mul add m m inv div inv z sqrt mul z inv mul z n2 z m],[ 1.         51.43835005],[ 1.         33.77718902]
144,0.16705825974778704,0.6052963376143959,0.6510502214958998,0.6346331451670182,20.0,19.529,0.04108266555001258,317,317,(m+(z*(((((((z)**(-1))/(((((((z*(((((((z/m))**(-1)))**(0.5)))**(-1))))**(2)))**(-1)))**(0.5))))**(-1)))**(2)))),(((m+m)*(((((z)**(-1))/(((z*(((z*((z)**(2))))**(-1))))**(0.5))))**(-1)))+m),[add m mul z n2 inv div inv z sqrt inv n2 mul z inv sqrt inv div z m],[add mul add m m inv div inv z sqrt mul z inv mul z n2 z m],[ 1.         52.15048154],[ 1.         33.77718902]
145,0.18379583908902145,0.6111962478903609,0.6510502214958998,0.6380194440680725,20.0,19.312,0.12952900183900135,343,343,(m-(exp((z*(((((((((z)**(2)))**(-1)))**(0.5)))**(-1))*((((((((((((z)**(-1)))**(2)))**(-1)))**(2)))**(-1)))**(0.5)))))*m)),(((m+m)*(((((z)**(-1))/(((z*(((z*((z)**(2))))**(-1))))**(0.5))))**(-1)))+m),[sub m mul exp mul z mul inv sqrt inv n2 z sqrt inv n2 inv n2 inv z m],[add mul add m m inv div inv z sqrt mul z inv mul z n2 z m],[  1.         -58.41630285],[ 1.         33.77718902]
146,0.1723157389420895,0.6080459262962712,0.6510502214958998,0.6346581102585558,23.0,19.231,0.08218743409986272,324,324,(((z*((z)**(2)))*(((((((((((z/(((z/(((((((z/m))**(0.5)))**(-1)))**(2))))**(-1))))**(-1)))**(0.5)))**(-1)))**(2)))**(-1)))+m),(((m+m)*(((((z)**(-1))/(((z*(((z*((z)**(2))))**(-1))))**(0.5))))**(-1)))+m),"[add mul mul z n2 z inv n2 inv sqrt inv div z inv div z n2 inv sqrt div z
 m m]",[add mul add m m inv div inv z sqrt mul z inv mul z n2 z m],[ 1.         52.14762682],[ 1.         33.77718902]
147,0.1773105957376354,0.6093417746799477,0.6510502214958998,0.6280151449893191,16.0,19.169,0.09221409694744147,334,333,(m+(m*(((z)**(-1))*((((((((((((((((z)**(-1)))**(2)))**(-1)))**(2)))**(-1)))**(0.5)))**(0.5)))**(-1))))),(((m+m)*(((((z)**(-1))/(((z*(((z*((z)**(2))))**(-1))))**(0.5))))**(-1)))+m),[add m mul m mul inv z inv sqrt sqrt inv n2 inv n2 inv z],[add mul add m m inv div inv z sqrt mul z inv mul z n2 z m],[ 1.         51.86283422],[ 1.         33.77718902]
148,0.1768543144750572,0.610810050447179,0.6510502214958998,0.6312517045579715,20.0,19.062,0.11938062345468153,334,332,(exp((z/(((((((z*z))**(-1)))**(0.5)))**(-1))))*(((z*(((((((z/((m)**(-1))))**(2)))**(-1)))**(0.5))))**(-1))),(((m+m)*(((((z)**(-1))/(((z*(((z*((z)**(2))))**(-1))))**(0.5))))**(-1)))+m),[mul exp div z inv sqrt inv mul z z inv mul z sqrt inv n2 div z inv m],[add mul add m m inv div inv z sqrt mul z inv mul z n2 z m],[ 1.        38.2291102],[ 1.         33.77718902]
149,0.18028003061706915,0.6141944483323732,0.6510502214958998,0.6280151449893191,14.0,18.888,0.13924552549671995,339,338,(m+(m*(((z)**(-1))*((((((((((((z)**(2)))**(2)))**(-1)))**(0.5)))**(-1)))**(0.5))))),(((m+m)*(((((z)**(-1))/(((z*(((z*((z)**(2))))**(-1))))**(0.5))))**(-1)))+m),[add m mul m mul inv z sqrt inv sqrt inv n2 n2 z],[add mul add m m inv div inv z sqrt mul z inv mul z n2 z m],[ 1.         51.86283422],[ 1.         33.77718902]
150,0.19169750573384817,0.6156382738792733,0.6510502214958998,0.6377598906334958,19.0,18.949,0.1823175785319259,359,358,(m+((z*z)*(((z/(((((((((((((((z/m))**(2)))**(-1)))**(0.5)))**(-1)))**(2)))**(-1)))**(0.5))))**(-1)))),(((m+m)*(((((z)**(-1))/(((z*(((z*((z)**(2))))**(-1))))**(0.5))))**(-1)))+m),[add m mul mul z z inv div z sqrt inv n2 inv sqrt inv n2 div z m],[add mul add m m inv div inv z sqrt mul z inv mul z n2 z m],[ 1.         55.92269977],[ 1.         33.77718902]
151,0.1910726341718788,0.6130741351802653,0.6510502214958998,0.6380194440680725,22.0,18.803,0.15223094826092048,362,361,((exp(((z/((((z)**(-1)))**(0.5)))*((-((((((((z*((((((z)**(0.5)))**(-1)))**(0.5))))**(2)))**(2)))**(-1))))**(0.5))))*m)-m),(((m+m)*(((((z)**(-1))/(((z*(((z*((z)**(2))))**(-1))))**(0.5))))**(-1)))+m),"[sub mul exp mul div z sqrt inv z sqrt neg inv n2 n2 mul z sqrt inv sqrt z
 m m]",[add mul add m m inv div inv z sqrt mul z inv mul z n2 z m],[ 1.         58.41630285],[ 1.         33.77718902]
152,0.20496693298046942,0.6165141718502631,0.6510502214958998,0.6326426446242867,16.0,18.707,0.17346954708076673,387,384,((m*(z*(((((((((((z)**(2)))**(-1))+((((z)**(2)))**(-1))))**(-1)))**(0.5)))**(-1))))+m),(((m+m)*(((((z)**(-1))/(((z*(((z*((z)**(2))))**(-1))))**(0.5))))**(-1)))+m),[add mul m mul z inv sqrt inv add inv n2 z inv n2 z m],[add mul add m m inv div inv z sqrt mul z inv mul z n2 z m],[ 1.         42.93425033],[ 1.         33.77718902]
153,0.201715030755967,0.616394497637588,0.6510502214958998,0.6459056370336256,21.0,18.768,0.17257189641404133,382,379,(m+(m*((((z)**(-1))+((z)**(-1)))*((((((((((((((((((((z)**(0.5)))**(-1)))**(2)))**(2)))**(-1)))**(2)))**(-1)))**(0.5)))**(-1)))**(0.5))))),(((m+m)*(((((z)**(-1))/(((z*(((z*((z)**(2))))**(-1))))**(0.5))))**(-1)))+m),[add m mul m mul add inv z inv z sqrt inv sqrt inv n2 inv n2 n2 inv sqrt z],[add mul add m m inv div inv z sqrt mul z inv mul z n2 z m],[ 1.         34.05840429],[ 1.         33.77718902]
154,0.191740970897605,0.6177341939572045,0.6540476135576049,0.6540476135576049,24.0,18.757,0.19013857938607323,365,362,(((exp(((((((((((((-((z*((z)**(-1)))))**(2)))**(-1)))**(0.5)))**(-1)))**(0.5)))**(-1)))*z)/(((((((((z/m))**(2)))**(-1)))**(0.5)))**(-1)))+m),(((exp(((((((((((((-((z*((z)**(-1)))))**(2)))**(-1)))**(0.5)))**(-1)))**(0.5)))**(-1)))*z)/(((((((((z/m))**(2)))**(-1)))**(0.5)))**(-1)))+m),"[add div mul exp inv sqrt inv sqrt inv n2 neg mul z inv z z inv sqrt inv
 n2 div z m m]","[add div mul exp inv sqrt inv sqrt inv n2 neg mul z inv z z inv sqrt inv
 n2 div z m m]",[ 1.         26.88037246],[ 1.         26.88037246]
155,0.19002831098096318,0.6211864760939201,0.6540476135576049,0.6303179586401161,15.0,18.711,0.18558400940789113,356,354,(m+(m*(z/((((((((((((((((z)**(-1)))**(2)))**(-1)))**(2)))**(-1)))**(0.5)))**(-1)))**(0.5))))),(((exp(((((((((((((-((z*((z)**(-1)))))**(2)))**(-1)))**(0.5)))**(-1)))**(0.5)))**(-1)))*z)/(((((((((z/m))**(2)))**(-1)))**(0.5)))**(-1)))+m),[add m mul m div z sqrt inv sqrt inv n2 inv n2 inv z],"[add div mul exp inv sqrt inv sqrt inv n2 neg mul z inv z z inv sqrt inv
 n2 div z m m]",[ 1.         51.34603621],[ 1.         26.88037246]
156,0.20114570589906094,0.621281350044716,0.6540476135576049,0.6375187371973566,12.0,18.631,-0.0035471376853762372,379,375,(m+(z/(((((((((((m)**(-1))*z))**(2)))**(-1)))**(0.5)))**(-1)))),(((exp(((((((((((((-((z*((z)**(-1)))))**(2)))**(-1)))**(0.5)))**(-1)))**(0.5)))**(-1)))*z)/(((((((((z/m))**(2)))**(-1)))**(0.5)))**(-1)))+m),[add m div z inv sqrt inv n2 mul inv m z],"[add div mul exp inv sqrt inv sqrt inv n2 neg mul z inv z z inv sqrt inv
 n2 div z m m]",[ 1.         55.95538168],[ 1.         26.88037246]
157,0.19397377607834304,0.6206671323573567,0.6540476135576049,0.6373660024055082,21.0,18.668,0.12268740313948837,367,362,(((m+(z*(((((((((((z)**(0.5))/((((((((((m)**(0.5)))**(-1)))**(0.5)))**(-1)))**(2))))**(2)))**(2)))**(-1)))**(0.5))))+m)-m),(((exp(((((((((((((-((z*((z)**(-1)))))**(2)))**(-1)))**(0.5)))**(-1)))**(0.5)))**(-1)))*z)/(((((((((z/m))**(2)))**(-1)))**(0.5)))**(-1)))+m),[sub add add m mul z sqrt inv n2 n2 div sqrt z n2 inv sqrt inv sqrt m m m],"[add div mul exp inv sqrt inv sqrt inv n2 neg mul z inv z z inv sqrt inv
 n2 div z m m]",[ 1.         56.03871501],[ 1.         26.88037246]
158,0.20858470946585955,0.6218449822757414,0.6540476135576049,0.6373660024055082,18.0,18.35,0.006619610074264329,402,390,(m+(((z*z)/z)*(((((((z/((((((((m)**(0.5)))**(-1)))**(2)))**(-1))))**(2)))**(-1)))**(0.5)))),(((exp(((((((((((((-((z*((z)**(-1)))))**(2)))**(-1)))**(0.5)))**(-1)))**(0.5)))**(-1)))*z)/(((((((((z/m))**(2)))**(-1)))**(0.5)))**(-1)))+m),[add m mul div mul z z z sqrt inv n2 div z inv n2 inv sqrt m],"[add div mul exp inv sqrt inv sqrt inv n2 neg mul z inv z z inv sqrt inv
 n2 div z m m]",[ 1.         56.03871501],[ 1.         26.88037246]
159,0.21824476931599887,0.6229190462223358,0.6540476135576049,0.6373660024055082,16.0,18.385,0.018426316824095755,415,406,(m+(1.0*(z*(((((((((((z)**(-1)))**(2)))**(-1))*((((m)**(2)))**(-1))))**(-1)))**(0.5))))),(((exp(((((((((((((-((z*((z)**(-1)))))**(2)))**(-1)))**(0.5)))**(-1)))**(0.5)))**(-1)))*z)/(((((((((z/m))**(2)))**(-1)))**(0.5)))**(-1)))+m),[add m mul 1.0 mul z sqrt inv mul inv n2 inv z inv n2 m],"[add div mul exp inv sqrt inv sqrt inv n2 neg mul z inv z z inv sqrt inv
 n2 div z m m]",[ 1.         56.03871501],[ 1.         26.88037246]
160,0.20531462114953183,0.6225081652741837,0.6540476135576049,0.6375187371973566,15.0,18.206,0.009973028127592116,391,386,(m+(z/(((((((((z/((((((((m)**(0.5)))**(-1)))**(2)))**(-1))))**(2)))**(-1)))**(0.5)))**(-1)))),(((exp(((((((((((((-((z*((z)**(-1)))))**(2)))**(-1)))**(0.5)))**(-1)))**(0.5)))**(-1)))*z)/(((((((((z/m))**(2)))**(-1)))**(0.5)))**(-1)))+m),[add m div z inv sqrt inv n2 div z inv n2 inv sqrt m],"[add div mul exp inv sqrt inv sqrt inv n2 neg mul z inv z z inv sqrt inv
 n2 div z m m]",[ 1.         55.95538168],[ 1.         26.88037246]
161,0.2229664286199205,0.62222953871009,0.6540476135576049,0.6373660024055082,19.0,17.915,0.01024469159158577,423,419,(m+(z*((((((((((((((((((-((((((z/m))**(-1)))**(2))))**(0.5)))**(-1)))**(2)))**(-1)))**(0.5)))**(-1)))**(0.5)))**(-1)))**(2)))),(((exp(((((((((((((-((z*((z)**(-1)))))**(2)))**(-1)))**(0.5)))**(-1)))**(0.5)))**(-1)))*z)/(((((((((z/m))**(2)))**(-1)))**(0.5)))**(-1)))+m),[add m mul z n2 inv sqrt inv sqrt inv n2 inv sqrt neg n2 inv div z m],"[add div mul exp inv sqrt inv sqrt inv n2 neg mul z inv z z inv sqrt inv
 n2 div z m m]",[ 1.         56.03871501],[ 1.         26.88037246]
162,0.22701865565010035,0.621901415678133,0.6540476135576049,0.6375187371973566,15.0,17.901,0.004518566949614982,431,424,(m+(z/(((((((((((((((((z/m))**(2)))**(-1)))**(0.5)))**(-1)))**(2)))**(-1)))**(0.5)))**(-1)))),(((exp(((((((((((((-((z*((z)**(-1)))))**(2)))**(-1)))**(0.5)))**(-1)))**(0.5)))**(-1)))*z)/(((((((((z/m))**(2)))**(-1)))**(0.5)))**(-1)))+m),[add m div z inv sqrt inv n2 inv sqrt inv n2 div z m],"[add div mul exp inv sqrt inv sqrt inv n2 neg mul z inv z z inv sqrt inv
 n2 div z m m]",[ 1.         55.95538168],[ 1.         26.88037246]
163,0.21427456629089342,0.6224320818998963,0.6540476135576049,0.6303179586401161,22.0,17.937,0.00855861844680977,414,404,(m+(m/(z/(((((((((((((((z*((((((((((((z)**(-1)))**(2)))**(-1)))**(2)))**(-1)))**(0.5))))**(0.5)))**(-1)))**(2)))**(-1)))**(2)))**(-1)))**(0.5))))),(((exp(((((((((((((-((z*((z)**(-1)))))**(2)))**(-1)))**(0.5)))**(-1)))**(0.5)))**(-1)))*z)/(((((((((z/m))**(2)))**(-1)))**(0.5)))**(-1)))+m),"[add m div m div z sqrt inv n2 inv n2 inv sqrt mul z sqrt inv n2 inv n2
 inv z]","[add div mul exp inv sqrt inv sqrt inv n2 neg mul z inv z z inv sqrt inv
 n2 div z m m]",[ 1.         51.34603621],[ 1.         26.88037246]
164,0.21990993725229405,0.6217432050443695,0.6540476135576049,0.6374562839368868,19.0,18.018,0.003777493524441903,423,414,(m+((z*((z)**(0.5)))*(((((((((((((z*(((z/m))**(2))))**(-1)))**(0.5)))**(-1)))**(0.5)))**(-1)))**(2)))),(((exp(((((((((((((-((z*((z)**(-1)))))**(2)))**(-1)))**(0.5)))**(-1)))**(0.5)))**(-1)))*z)/(((((((((z/m))**(2)))**(-1)))**(0.5)))**(-1)))+m),[add m mul mul z sqrt z n2 inv sqrt inv sqrt inv mul z n2 div z m],"[add div mul exp inv sqrt inv sqrt inv n2 neg mul z inv z z inv sqrt inv
 n2 div z m m]",[ 1.         53.59012464],[ 1.         26.88037246]
165,0.2336325621336901,0.6217029639957052,0.6540476135576049,0.6373660024055082,19.0,17.702,0.004121229410307681,453,441,((m+(z*(((((((((((((((z*((((((m)**(0.5)))**(-1)))**(2))))**(2)))**(-1)))**(0.5)))**(-1)))**(0.5)))**(-1)))**(2))))*1.0),(((exp(((((((((((((-((z*((z)**(-1)))))**(2)))**(-1)))**(0.5)))**(-1)))**(0.5)))**(-1)))*z)/(((((((((z/m))**(2)))**(-1)))**(0.5)))**(-1)))+m),[mul add m mul z n2 inv sqrt inv sqrt inv n2 mul z n2 inv sqrt m 1.0],"[add div mul exp inv sqrt inv sqrt inv n2 neg mul z inv z z inv sqrt inv
 n2 div z m m]",[ 1.         56.03871501],[ 1.         26.88037246]
166,0.22962723399454082,0.6222749644822071,0.6540476135576049,0.6303179586401161,18.0,17.692,0.010646616409320315,441,430,(m+(m/(z/((((((((((-(((((((((((z)**(2)))**(2)))**(-1)))**(0.5)))**(-1))))**(2)))**(-1)))**(0.5)))**(-1)))**(0.5))))),(((exp(((((((((((((-((z*((z)**(-1)))))**(2)))**(-1)))**(0.5)))**(-1)))**(0.5)))**(-1)))*z)/(((((((((z/m))**(2)))**(-1)))**(0.5)))**(-1)))+m),[add m div m div z sqrt inv sqrt inv n2 neg inv sqrt inv n2 n2 z],"[add div mul exp inv sqrt inv sqrt inv n2 neg mul z inv z z inv sqrt inv
 n2 div z m m]",[ 1.         51.34603621],[ 1.         26.88037246]
167,0.22864345085144822,0.6226850072868166,0.6544330971758353,0.6544330971758353,21.0,17.879,0.020220242723987557,444,430,(m+(exp((z*(((((z)**(2))/z))**(-1))))*(z/(((((((((z*((m)**(-1))))**(2)))**(-1)))**(0.5)))**(-1))))),(m+(exp((z*(((((z)**(2))/z))**(-1))))*(z/(((((((((z*((m)**(-1))))**(2)))**(-1)))**(0.5)))**(-1))))),[add m mul exp mul z inv div n2 z z div z inv sqrt inv n2 mul z inv m],[add m mul exp mul z inv div n2 z z div z inv sqrt inv n2 mul z inv m],[ 1.         26.86853154],[ 1.         26.86853154]
168,0.2301984028018315,0.6225455076774428,0.6544330971758353,0.6375187371973566,18.0,17.844,0.01805255203390624,442,437,(m+(z/(((((((((((((((((z*((((((m)**(0.5)))**(-1)))**(2))))**(2)))**(-1)))**(0.5)))**(-1)))**(2)))**(-1)))**(0.5)))**(-1)))),(m+(exp((z*(((((z)**(2))/z))**(-1))))*(z/(((((((((z*((m)**(-1))))**(2)))**(-1)))**(0.5)))**(-1))))),[add m div z inv sqrt inv n2 inv sqrt inv n2 mul z n2 inv sqrt m],[add m mul exp mul z inv div n2 z z div z inv sqrt inv n2 mul z inv m],[ 1.         55.95538168],[ 1.         26.86853154]
169,0.23572694407125028,0.6232942666974673,0.6544330971758353,0.6380194440680725,15.0,17.63,0.017702263401855864,459,444,(m-(m*exp((z*((((((((((((((z)**(-1)))**(2)))**(-1)))**(2)))**(-1)))**(0.5)))**(0.5)))))),(m+(exp((z*(((((z)**(2))/z))**(-1))))*(z/(((((((((z*((m)**(-1))))**(2)))**(-1)))**(0.5)))**(-1))))),[sub m mul m exp mul z sqrt sqrt inv n2 inv n2 inv z],[add m mul exp mul z inv div n2 z z div z inv sqrt inv n2 mul z inv m],[  1.         -58.41630285],[ 1.         26.86853154]
170,0.209903216475268,0.6215412804188737,0.6544330971758353,0.6375187371973566,15.0,17.927,-0.0014897088562490605,411,398,(m+(z/(((((((((z/((((((((m)**(2)))**(-1)))**(0.5)))**(-1))))**(2)))**(-1)))**(0.5)))**(-1)))),(m+(exp((z*(((((z)**(2))/z))**(-1))))*(z/(((((((((z*((m)**(-1))))**(2)))**(-1)))**(0.5)))**(-1))))),[add m div z inv sqrt inv n2 div z inv sqrt inv n2 m],[add m mul exp mul z inv div n2 z z div z inv sqrt inv n2 mul z inv m],[ 1.         55.95538168],[ 1.         26.86853154]
171,0.21034595169984208,0.6224921440007424,0.6544330971758353,0.6375187371973566,15.0,17.964,0.003673343608217503,411,398,(m+(z/(((((((((((((((((z/m))**(0.5)))**(-1)))**(2)))**(-1)))**(2)))**(-1)))**(0.5)))**(-1)))),(m+(exp((z*(((((z)**(2))/z))**(-1))))*(z/(((((((((z*((m)**(-1))))**(2)))**(-1)))**(0.5)))**(-1))))),[add m div z inv sqrt inv n2 inv n2 inv sqrt div z m],[add m mul exp mul z inv div n2 z z div z inv sqrt inv n2 mul z inv m],[ 1.         55.95538168],[ 1.         26.86853154]
172,0.20824485694125344,0.6213783162490875,0.6544330971758353,0.6303179586401161,17.0,18.018,-0.005491488784608017,405,394,(m*((z/((((((((((((((((((((z)**(2)))**(2)))**(-1)))**(0.5)))**(-1)))**(0.5)))**(-1)))**(0.5)))**(-1)))**(2)))+1.0)),(m+(exp((z*(((((z)**(2))/z))**(-1))))*(z/(((((((((z*((m)**(-1))))**(2)))**(-1)))**(0.5)))**(-1))))),[mul m add div z n2 inv sqrt inv sqrt inv sqrt inv n2 n2 z 1.0],[add m mul exp mul z inv div n2 z z div z inv sqrt inv n2 mul z inv m],[ 1.         51.34603621],[ 1.         26.86853154]
173,0.22166392704547708,0.6215949575468689,0.6544330971758353,0.6375187371973566,21.0,17.774,-0.0006123827523314591,434,423,(m+(z/(((((((((((((m)**(0.5)))**(-1)))**(2))*(((z/((((((((((m)**(0.5)))**(-1)))**(0.5)))**(-1)))**(2))))**(2))))**(-1)))**(0.5)))**(-1)))),(m+(exp((z*(((((z)**(2))/z))**(-1))))*(z/(((((((((z*((m)**(-1))))**(2)))**(-1)))**(0.5)))**(-1))))),"[add m div z inv sqrt inv mul n2 inv sqrt m n2 div z n2 inv sqrt inv sqrt
 m]",[add m mul exp mul z inv div n2 z z div z inv sqrt inv n2 mul z inv m],[ 1.         55.95538168],[ 1.         26.86853154]
174,0.23983077686936008,0.6218344625674694,0.6544330971758353,0.6375187371973566,16.0,17.464,0.003752910866636764,473,456,(m+(z/(((((((((z/(((((((m*m))**(-1)))**(0.5)))**(-1))))**(2)))**(-1)))**(0.5)))**(-1)))),(m+(exp((z*(((((z)**(2))/z))**(-1))))*(z/(((((((((z*((m)**(-1))))**(2)))**(-1)))**(0.5)))**(-1))))),[add m div z inv sqrt inv n2 div z inv sqrt inv mul m m],[add m mul exp mul z inv div n2 z z div z inv sqrt inv n2 mul z inv m],[ 1.         55.95538168],[ 1.         26.86853154]
175,0.2207904289602286,0.6219052839417332,0.6544330971758353,0.6303179586401161,17.0,17.664,0.0005748889954074535,436,420,(m+(m/(z/((((((((((((((((((((z)**(-1)))**(0.5)))**(-1)))**(2)))**(2)))**(2)))**(-1)))**(0.5)))**(-1)))**(0.5))))),(m+(exp((z*(((((z)**(2))/z))**(-1))))*(z/(((((((((z*((m)**(-1))))**(2)))**(-1)))**(0.5)))**(-1))))),[add m div m div z sqrt inv sqrt inv n2 n2 n2 inv sqrt inv z],[add m mul exp mul z inv div n2 z z div z inv sqrt inv n2 mul z inv m],[ 1.         51.34603621],[ 1.         26.86853154]
176,0.22890114121120708,0.6222429062971767,0.6544330971758353,0.6377865598478512,15.0,17.562,0.00699033918885366,450,434,(m+(m/(z/((((((((((((((((z)**(2)))**(2)))**(2)))**(-1)))**(0.5)))**(0.5)))**(-1)))**(0.5))))),(m+(exp((z*(((((z)**(2))/z))**(-1))))*(z/(((((((((z*((m)**(-1))))**(2)))**(-1)))**(0.5)))**(-1))))),[add m div m div z sqrt inv sqrt sqrt inv n2 n2 n2 z],[add m mul exp mul z inv div n2 z z div z inv sqrt inv n2 mul z inv m],[ 1.         51.00978576],[ 1.         26.86853154]
177,0.2217266849740713,0.6232956295210056,0.6544330971758353,0.6375187371973566,18.0,17.608,0.023494142716672693,439,421,(m+(z/(((((((((((((((((z*((((((m)**(0.5)))**(-1)))**(2))))**(-1)))**(0.5)))**(-1)))**(2)))**(2)))**(-1)))**(0.5)))**(-1)))),(m+(exp((z*(((((z)**(2))/z))**(-1))))*(z/(((((((((z*((m)**(-1))))**(2)))**(-1)))**(0.5)))**(-1))))),[add m div z inv sqrt inv n2 n2 inv sqrt inv mul z n2 inv sqrt m],[add m mul exp mul z inv div n2 z z div z inv sqrt inv n2 mul z inv m],[ 1.         55.95538168],[ 1.         26.86853154]
178,0.21362512726028998,0.6221746653501786,0.6544330971758353,0.6375187371973566,21.0,17.687,0.007198445335418437,420,405,(m+(z/(((((((((((((((((((((((((((((z/m))**(2)))**(-1)))**(0.5)))**(-1)))**(2)))**(-1)))**(0.5)))**(-1)))**(0.5)))**(-1)))**(0.5)))**(-1)))**(2)))**(2)))),(m+(exp((z*(((((z)**(2))/z))**(-1))))*(z/(((((((((z*((m)**(-1))))**(2)))**(-1)))**(0.5)))**(-1))))),"[add m div z n2 n2 inv sqrt inv sqrt inv sqrt inv n2 inv sqrt inv n2 div z
 m]",[add m mul exp mul z inv div n2 z z div z inv sqrt inv n2 mul z inv m],[ 1.         55.95538168],[ 1.         26.86853154]
179,0.2237457696651567,0.6212729460073758,0.6544330971758353,0.6375187371973566,21.0,17.425,-0.004648065387585363,445,427,(m+((z/((z)**(0.5)))/(((((((((((((z*(((((z*((m)**(-1))))**(2)))**(-1))))**(-1)))**(0.5)))**(-1)))**(2)))**(-1)))**(0.5)))),(m+(exp((z*(((((z)**(2))/z))**(-1))))*(z/(((((((((z*((m)**(-1))))**(2)))**(-1)))**(0.5)))**(-1))))),[add m div div z sqrt z sqrt inv n2 inv sqrt inv mul z inv n2 mul z inv m],[add m mul exp mul z inv div n2 z z div z inv sqrt inv n2 mul z inv m],[ 1.         55.95538168],[ 1.         26.86853154]
180,0.2249444852577665,0.6224460877277264,0.6544330971758353,0.6375187371973566,16.0,17.81,0.004575886728075601,436,427,((z/(((((((((((((z)**(-1))/((((((m)**(0.5)))**(-1)))**(2))))**(-1)))**(2)))**(-1)))**(0.5)))**(-1)))+m),(m+(exp((z*(((((z)**(2))/z))**(-1))))*(z/(((((((((z*((m)**(-1))))**(2)))**(-1)))**(0.5)))**(-1))))),[add div z inv sqrt inv n2 inv div inv z n2 inv sqrt m m],[add m mul exp mul z inv div n2 z z div z inv sqrt inv n2 mul z inv m],[ 1.         55.95538168],[ 1.         26.86853154]
